,Open,High,Low,Close,Volume,Ticker
2025-03-26 09:30:00.419651,220.21547698279247,220.2814901716475,219.85365660579103,220.21553974426723,1352761,AAPL
2025-03-26 09:35:00.419651,220.21553974426723,220.30788233809437,220.02850419849477,220.21845690562012,656349,AAPL
2025-03-26 09:40:00.419651,220.21845690562012,220.38307433411566,219.85583350158456,220.22178671840908,1622656,AAPL
2025-03-26 09:45:00.419651,220.22178671840908,220.25960608465516,219.9237737735812,220.2251440004603,527541,AAPL
2025-03-26 09:50:00.419651,220.2251440004603,220.62967744622202,220.18635479282676,220.22758417062155,748102,AAPL
2025-03-26 09:55:00.419651,220.22758417062155,220.3792630892985,219.8724178887002,220.23134866054667,914612,AAPL
2025-03-26 10:00:00.419651,220.23134866054667,220.34798620252724,219.85913895978385,220.234358333346,1098258,AAPL
2025-03-26 10:05:00.419651,220.234358333346,220.55749481390703,220.1469521066509,220.2377657791911,952056,AAPL
2025-03-26 10:10:00.419651,220.2377657791911,220.30168072865789,220.0310317709569,220.241230868428,550252,AAPL
2025-03-26 10:15:00.419651,220.241230868428,220.4627268740977,220.14122685008013,220.24433016473137,1694629,AAPL
2025-03-26 10:20:00.419651,220.24433016473137,220.65253525766218,220.2100787025369,220.24703160917525,1916809,AAPL
2025-03-26 10:25:00.419651,220.24703160917525,220.32249175466072,219.7912835837548,220.25012805944985,926952,AAPL
2025-03-26 10:30:00.419651,220.25012805944985,220.3025688996374,220.10949780893782,220.25339216010394,910860,AAPL
2025-03-26 10:35:00.419651,220.25339216010394,220.436788271533,220.15198229079272,220.25622249532867,1019784,AAPL
2025-03-26 10:40:00.419651,220.25622249532867,221.00397218723305,220.1619033051167,220.25949357309918,1200114,AAPL
2025-03-26 10:45:00.419651,220.25949357309918,220.28141377129546,220.18566366136426,220.26218747108604,1132641,AAPL
2025-03-26 10:50:00.419651,220.26218747108604,220.33955564150202,219.88073435260387,220.26526942844225,757667,AAPL
2025-03-26 10:55:00.419651,220.26526942844225,220.36613701581203,219.97041714184195,220.26809753326077,917859,AAPL
2025-03-26 11:00:00.419651,220.26809753326077,220.33705970298615,220.18084209231927,220.27115695905897,1218013,AAPL
2025-03-26 11:05:00.419651,220.27115695905897,220.40272815765474,220.23718629989736,220.2743874967686,1027272,AAPL
2025-03-26 11:10:00.419651,220.2743874967686,220.4598411273707,220.25540445516128,220.2775770631699,645749,AAPL
2025-03-26 11:15:00.419651,220.2775770631699,220.63996335992553,219.8227403532892,220.28105396431584,1406764,AAPL
2025-03-26 11:20:00.419651,220.28105396431584,220.42736924692613,220.23636344389877,220.28366972127296,832950,AAPL
2025-03-26 11:25:00.419651,220.28366972127296,220.33406632098968,219.95775414904338,220.2867489157633,1065658,AAPL
2025-03-26 11:30:00.419651,220.2867489157633,220.54223465736519,220.11550789239135,220.2896057456822,1112876,AAPL
2025-03-26 11:35:00.419651,220.2896057456822,220.4314751545198,219.83662279860891,220.29314850682803,744412,AAPL
2025-03-26 11:40:00.419651,220.29314850682803,220.84434066057455,220.03865703904722,220.2962199196899,272584,AAPL
2025-03-26 11:45:00.419651,220.2962199196899,220.52809120201573,219.93270002901187,220.29896511947305,1094971,AAPL
2025-03-26 11:50:00.419651,220.29896511947305,220.47970804802907,220.10999300242773,220.30222599700093,1104591,AAPL
2025-03-26 11:55:00.419651,220.30222599700093,220.48391276406147,220.1251261472718,220.30554670733798,457510,AAPL
2025-03-26 12:00:00.419651,220.30554670733798,220.64571828568452,219.983476733926,220.30892585776826,1160255,AAPL
2025-03-26 12:05:00.419651,220.30892585776826,220.8207972979843,219.87972082792385,220.31171456066338,1121955,AAPL
2025-03-26 12:10:00.419651,220.31171456066338,220.51388505041504,220.19594559735896,220.3155052164709,1430579,AAPL
2025-03-26 12:15:00.419651,220.3155052164709,220.40508821790723,219.99025501166437,220.3189117866052,1318242,AAPL
2025-03-26 12:20:00.419651,220.3189117866052,220.6310255854817,220.1602305435701,220.32162619228208,2079517,AAPL
2025-03-26 12:25:00.419651,220.32162619228208,220.49508277383055,220.2585749752512,220.32484218816683,1030312,AAPL
2025-03-26 12:30:00.419651,220.32484218816683,220.40966570408227,220.0118336192007,220.3277484580247,1154586,AAPL
2025-03-26 12:35:00.419651,220.3277484580247,220.4217308517808,220.31665388903582,220.3303235190462,1147741,AAPL
2025-03-26 12:40:00.419651,220.3303235190462,220.37907466596948,220.20320233623576,220.33296998175481,1052733,AAPL
2025-03-26 12:45:00.419651,220.33296998175481,220.4884456629396,220.1816343423485,220.33636947898654,670030,AAPL
2025-03-26 12:50:00.419651,220.33636947898654,220.371680940297,220.04532356975108,220.33901070854566,973026,AAPL
2025-03-26 12:55:00.419651,220.33901070854566,220.43465493215217,220.31838247611682,220.34225452192555,880755,AAPL
2025-03-26 13:00:00.419651,220.34225452192555,220.43783636994976,220.1712512243201,220.34517013199488,1343810,AAPL
2025-03-26 13:05:00.419651,220.34517013199488,220.49678421414887,220.0523333782797,220.3480524092914,1047739,AAPL
2025-03-26 13:10:00.419651,220.3480524092914,220.39726060048176,220.15676543561366,220.3510467090298,1058264,AAPL
2025-03-26 13:15:00.419651,220.3510467090298,220.60236651303154,220.31106156424912,220.35424384819578,848496,AAPL
2025-03-26 13:20:00.419651,220.35424384819578,220.4988710423052,220.22140273703323,220.35809285973374,1445737,AAPL
2025-03-26 13:25:00.419651,220.35809285973374,220.65327318263536,220.09546288734336,220.3618891863567,877897,AAPL
2025-03-26 13:30:00.419651,220.3618891863567,220.49480237923305,219.56655626673663,220.3650279988195,923769,AAPL
2025-03-26 13:35:00.419651,220.3650279988195,220.60594025700374,220.05461796443032,220.36816561507035,1238937,AAPL
2025-03-26 13:40:00.419651,220.36816561507035,220.9700208704001,220.2597552647801,220.37074482430054,1345743,AAPL
2025-03-26 13:45:00.419651,220.37074482430054,220.42885860888498,220.33047435108782,220.37366386918316,1018876,AAPL
2025-03-26 13:50:00.419651,220.37366386918316,220.50332428756914,220.03936359022282,220.3766284582206,1216756,AAPL
2025-03-26 13:55:00.419651,220.3766284582206,220.6863369754039,220.0744489773566,220.3793624199472,1373814,AAPL
2025-03-26 14:00:00.419651,220.3793624199472,220.3882816738369,220.24510329635672,220.3823087086261,1306266,AAPL
2025-03-26 14:05:00.419651,220.3823087086261,220.61390522817265,220.16915237748154,220.38543020222542,1011427,AAPL
2025-03-26 14:10:00.419651,220.38543020222542,220.54460516428725,220.07048842425476,220.38836306301803,1085120,AAPL
2025-03-26 14:15:00.419651,220.38836306301803,220.66272903747526,219.95834619165316,220.39136626941234,1491278,AAPL
2025-03-26 14:20:00.419651,220.39136626941234,220.52983902749864,220.09560233017453,220.39421699542194,1563412,AAPL
2025-03-26 14:25:00.419651,220.39421699542194,221.18041292688523,220.38393724586348,220.39744460790047,787086,AAPL
2025-03-26 14:30:00.419651,220.39744460790047,220.81131248655882,220.34844115260967,220.40050288666876,779814,AAPL
2025-03-26 14:35:00.419651,220.40050288666876,220.47535400734338,220.38492237434474,220.40341364892956,1376414,AAPL
2025-03-26 14:40:00.419651,220.40341364892956,220.59118587099408,219.877447296424,220.40567871582613,1417641,AAPL
2025-03-26 14:45:00.419651,220.40567871582613,220.81748837681133,220.26965901956382,220.40850239749875,1165812,AAPL
2025-03-26 14:50:00.419651,220.40850239749875,220.4325969797403,220.11613024061143,220.4110998520449,942108,AAPL
2025-03-26 14:55:00.419651,220.4110998520449,220.58170419260153,220.17495807035962,220.41439664351662,1477392,AAPL
2025-03-26 15:00:00.419651,220.41439664351662,220.5543895121276,220.15785351656388,220.41699135693383,1120939,AAPL
2025-03-26 15:05:00.419651,220.41699135693383,220.7568318919974,220.30522307866607,220.42020554308687,1105956,AAPL
2025-03-26 15:10:00.419651,220.42020554308687,220.674319509994,220.37673884947776,220.42339615787023,880420,AAPL
2025-03-26 15:15:00.419651,220.42339615787023,220.74375671346135,220.3765426939375,220.42701510310616,1234114,AAPL
2025-03-26 15:20:00.419651,220.42701510310616,220.49900251355015,220.18218021335724,220.42978627754397,1519657,AAPL
2025-03-26 15:25:00.419651,220.42978627754397,220.71730052610855,220.12508004258257,220.43298269075387,999928,AAPL
2025-03-26 15:30:00.419651,220.43298269075387,220.6521095813292,220.20999050817846,220.4362081865252,888573,AAPL
2025-03-26 15:35:00.419651,220.4362081865252,220.59776124933822,220.36791402213257,220.43909845874435,1052492,AAPL
2025-03-26 15:40:00.419651,220.43909845874435,220.77788497719405,220.40618141671285,220.44151221677373,1445545,AAPL
2025-03-26 15:45:00.419651,220.44151221677373,220.44818275876818,220.1506021969766,220.44471893231773,1015378,AAPL
2025-03-26 15:50:00.419651,220.44471893231773,220.48431468888742,220.2443289279028,220.44761516716352,1004289,AAPL
2025-03-26 15:55:00.419651,220.44761516716352,220.63645644467235,220.32364298197376,220.45138586748408,995957,AAPL
2025-03-26 16:00:00.419651,220.45138586748408,220.65087692974421,220.1842037065828,220.45,1209463,AAPL
2025-03-26 09:30:00.438656,427.0893538856668,427.2433320341309,426.48521314083337,427.09206224953374,95046,MSFT
2025-03-26 09:35:00.438656,427.09206224953374,427.1471856226772,426.8015209327806,427.06938525095285,83751,MSFT
2025-03-26 09:40:00.438656,427.06938525095285,427.7950582177066,427.04377727161835,427.0520678530211,90032,MSFT
2025-03-26 09:45:00.438656,427.0520678530211,427.22935648205396,426.24104397445666,427.03459026876254,182156,MSFT
2025-03-26 09:50:00.438656,427.03459026876254,427.47127497803126,426.48037396648107,427.0160334155995,134307,MSFT
2025-03-26 09:55:00.438656,427.0160334155995,427.3263558044496,426.75765767305137,426.9990960135983,76446,MSFT
2025-03-26 10:00:00.438656,426.9990960135983,427.0066092505714,426.9390842911367,426.98104129165927,127312,MSFT
2025-03-26 10:05:00.438656,426.98104129165927,427.1012265405387,426.906821569725,426.964611272546,197917,MSFT
2025-03-26 10:10:00.438656,426.964611272546,426.98371584026756,426.8767674032006,426.94554449212905,157995,MSFT
2025-03-26 10:15:00.438656,426.94554449212905,427.122478013878,426.74395712259235,426.9226472032557,180203,MSFT
2025-03-26 10:20:00.438656,426.9226472032557,427.7185431098299,426.464651786034,426.90460486072357,94248,MSFT
2025-03-26 10:25:00.438656,426.90460486072357,427.03388315728137,426.4558775829288,426.886682404099,113772,MSFT
2025-03-26 10:30:00.438656,426.886682404099,427.51592926279454,426.7541957044263,426.87026473814535,139719,MSFT
2025-03-26 10:35:00.438656,426.87026473814535,426.9940121321025,426.76780116007166,426.8502234651006,170835,MSFT
2025-03-26 10:40:00.438656,426.8502234651006,426.86693673737363,426.34840240722247,426.83418096677883,183912,MSFT
2025-03-26 10:45:00.438656,426.83418096677883,427.1109837012888,426.57461509243296,426.8183282990128,123068,MSFT
2025-03-26 10:50:00.438656,426.8183282990128,427.4858031150791,426.67842801043474,426.80249761808875,92643,MSFT
2025-03-26 10:55:00.438656,426.80249761808875,427.3543464796948,426.6460564781318,426.7878733799216,141121,MSFT
2025-03-26 11:00:00.438656,426.7878733799216,427.77427954522085,426.5426461160542,426.76912697782046,138417,MSFT
2025-03-26 11:05:00.438656,426.76912697782046,426.8245678472157,426.70218422728567,426.75084457977533,31370,MSFT
2025-03-26 11:10:00.438656,426.75084457977533,426.76851960746586,426.4998982928231,426.7312907020854,94564,MSFT
2025-03-26 11:15:00.438656,426.7312907020854,426.956004729799,426.4847298930889,426.71066052041635,130935,MSFT
2025-03-26 11:20:00.438656,426.71066052041635,426.93643528122374,426.22545544805627,426.69315486173787,181568,MSFT
2025-03-26 11:25:00.438656,426.69315486173787,427.27278756599827,426.2048797423914,426.67925899168114,132278,MSFT
2025-03-26 11:30:00.438656,426.67925899168114,427.0269170085127,426.02704532866534,426.66137217480696,144106,MSFT
2025-03-26 11:35:00.438656,426.66137217480696,426.7073558754755,426.579300333735,426.6422155383739,116189,MSFT
2025-03-26 11:40:00.438656,426.6422155383739,427.15107953637687,426.5624787781874,426.62427577198076,112347,MSFT
2025-03-26 11:45:00.438656,426.62427577198076,426.70300695159,426.36251680788934,426.6045247553535,183524,MSFT
2025-03-26 11:50:00.438656,426.6045247553535,426.66708547441294,426.147804173913,426.5870291611011,170771,MSFT
2025-03-26 11:55:00.438656,426.5870291611011,427.0775491170164,426.2885936580501,426.5667762226774,102770,MSFT
2025-03-26 12:00:00.438656,426.5667762226774,427.0918669901769,425.9672752614069,426.54899131780996,100378,MSFT
2025-03-26 12:05:00.438656,426.54899131780996,426.6387248007419,426.3089539370589,426.5298696079612,117626,MSFT
2025-03-26 12:10:00.438656,426.5298696079612,426.8128327200037,425.9781464728658,426.5096357365812,99242,MSFT
2025-03-26 12:15:00.438656,426.5096357365812,426.5349657402648,425.6411118059061,426.4927771878534,108719,MSFT
2025-03-26 12:20:00.438656,426.4927771878534,426.55404921589536,426.38972655294367,426.47553242155817,198647,MSFT
2025-03-26 12:25:00.438656,426.47553242155817,426.83157659087544,426.3780309748042,426.45467762926734,105817,MSFT
2025-03-26 12:30:00.438656,426.45467762926734,427.1022694535789,426.2295929771631,426.4373429811953,208980,MSFT
2025-03-26 12:35:00.438656,426.4373429811953,427.05198233694233,426.3582663575502,426.41979213715183,126228,MSFT
2025-03-26 12:40:00.438656,426.41979213715183,426.8227069712617,426.337420465438,426.39860983928816,135199,MSFT
2025-03-26 12:45:00.438656,426.39860983928816,426.5873948792902,425.4076095895675,426.38178155220817,181368,MSFT
2025-03-26 12:50:00.438656,426.38178155220817,426.64897992494224,426.1958083976851,426.3622371112605,181042,MSFT
2025-03-26 12:55:00.438656,426.3622371112605,426.66708852744836,425.9929128743245,426.34363402607477,113352,MSFT
2025-03-26 13:00:00.438656,426.34363402607477,426.46474229701283,426.161036582717,426.3233335946997,177393,MSFT
2025-03-26 13:05:00.438656,426.3233335946997,426.85745181483213,426.08112072092496,426.3006210814297,76227,MSFT
2025-03-26 13:10:00.438656,426.3006210814297,426.6443922249913,425.95735462471623,426.28324871495545,151319,MSFT
2025-03-26 13:15:00.438656,426.28324871495545,426.3906383418216,426.1345325385287,426.2624963212271,132877,MSFT
2025-03-26 13:20:00.438656,426.2624963212271,427.17046828702104,425.8705975378836,426.2474802156003,175572,MSFT
2025-03-26 13:25:00.438656,426.2474802156003,426.3956746753339,425.83707480888484,426.2322964450703,102264,MSFT
2025-03-26 13:30:00.438656,426.2322964450703,426.60492719801454,425.96668779613117,426.21507126716324,160230,MSFT
2025-03-26 13:35:00.438656,426.21507126716324,427.127166366582,426.0234472990074,426.1977234808528,84847,MSFT
2025-03-26 13:40:00.438656,426.1977234808528,426.20691120191157,425.88050378205696,426.1755293332614,93100,MSFT
2025-03-26 13:45:00.438656,426.1755293332614,426.57624534776284,426.1205487989493,426.15721849275025,150858,MSFT
2025-03-26 13:50:00.438656,426.15721849275025,426.2767066663174,426.00328485685884,426.14079415767264,196470,MSFT
2025-03-26 13:55:00.438656,426.14079415767264,426.2613547757123,425.901816501179,426.11896682161614,150215,MSFT
2025-03-26 14:00:00.438656,426.11896682161614,426.7627757410367,425.90725220839346,426.1002956873418,109587,MSFT
2025-03-26 14:05:00.438656,426.1002956873418,426.2595748317072,425.45285612652214,426.07561545506024,187647,MSFT
2025-03-26 14:10:00.438656,426.07561545506024,426.3956698049272,425.8382978627596,426.0605832037926,79825,MSFT
2025-03-26 14:15:00.438656,426.0605832037926,426.55878279948263,425.62575900046477,426.0416830351194,134252,MSFT
2025-03-26 14:20:00.438656,426.0416830351194,426.0870433953826,425.02174976624076,426.02139501918566,126320,MSFT
2025-03-26 14:25:00.438656,426.02139501918566,426.1836573850916,425.73260500437124,426.00364709648846,130730,MSFT
2025-03-26 14:30:00.438656,426.00364709648846,426.5016749671666,425.7112506956522,425.98632248919654,138563,MSFT
2025-03-26 14:35:00.438656,425.98632248919654,426.44544016074775,425.8537128985263,425.9673217007757,79633,MSFT
2025-03-26 14:40:00.438656,425.9673217007757,426.1735252479125,425.5516670460373,425.94996298818586,129864,MSFT
2025-03-26 14:45:00.438656,425.94996298818586,426.1676304928094,425.90937429761607,425.93251037644285,164051,MSFT
2025-03-26 14:50:00.438656,425.93251037644285,425.9506505832954,425.5681947749732,425.91563455105063,119117,MSFT
2025-03-26 14:55:00.438656,425.91563455105063,425.9454193665468,425.73864733592376,425.89581325061226,124453,MSFT
2025-03-26 15:00:00.438656,425.89581325061226,425.9468688138087,425.61603480186324,425.8750327901133,63036,MSFT
2025-03-26 15:05:00.438656,425.8750327901133,426.0300970475425,425.79992785066304,425.8600876581115,79600,MSFT
2025-03-26 15:10:00.438656,425.8600876581115,426.1869993560754,425.5092462686327,425.8414278506776,131232,MSFT
2025-03-26 15:15:00.438656,425.8414278506776,426.0579816319977,425.53072062698146,425.8218044585016,86410,MSFT
2025-03-26 15:20:00.438656,425.8218044585016,425.9878299110592,425.5666969805633,425.80272266453926,155569,MSFT
2025-03-26 15:25:00.438656,425.80272266453926,425.92660481643975,425.3607487340758,425.7847571249299,155863,MSFT
2025-03-26 15:30:00.438656,425.7847571249299,426.2726643036658,425.3947617697052,425.7665277636636,108497,MSFT
2025-03-26 15:35:00.438656,425.7665277636636,425.9421055947663,425.4768577796732,425.7468063469012,159235,MSFT
2025-03-26 15:40:00.438656,425.7468063469012,426.1497185796672,425.1883582333657,425.72947738715726,182140,MSFT
2025-03-26 15:45:00.438656,425.72947738715726,426.37115465956526,425.1744872423153,425.70956778969366,170298,MSFT
2025-03-26 15:50:00.438656,425.70956778969366,426.618986877725,425.32807229763836,425.69587711228183,137012,MSFT
2025-03-26 15:55:00.438656,425.69587711228183,425.7265543544023,425.6225537304722,425.676981850382,202508,MSFT
2025-03-26 16:00:00.438656,425.676981850382,426.4860994757209,425.2556708981698,425.63,175763,MSFT
2025-03-26 09:30:00.445853,177.90230298799608,178.09906185773133,177.75128638994138,177.90246016308947,772597,TSLA
2025-03-26 09:35:00.445853,177.90246016308947,177.97585761801426,177.89763773983708,177.90140726541975,1339863,TSLA
2025-03-26 09:40:00.445853,177.90140726541975,177.92925922463937,177.75686872679904,177.900305446897,1110169,TSLA
2025-03-26 09:45:00.445853,177.900305446897,177.98299668339186,177.62588732252843,177.89925945203427,829389,TSLA
2025-03-26 09:50:00.445853,177.89925945203427,178.00673640860555,177.73997710192256,177.8981801289671,461425,TSLA
2025-03-26 09:55:00.445853,177.8981801289671,178.20431270583606,177.57371187986453,177.89713298066044,1556418,TSLA
2025-03-26 10:00:00.445853,177.89713298066044,178.11173941276968,177.89007549221964,177.89583608644017,1101930,TSLA
2025-03-26 10:05:00.445853,177.89583608644017,178.00878060374006,177.87558506514034,177.8947157041958,1362597,TSLA
2025-03-26 10:10:00.445853,177.8947157041958,178.0416885990687,177.68880702951978,177.8936288934051,1297605,TSLA
2025-03-26 10:15:00.445853,177.8936288934051,178.16120535579248,177.6645888520834,177.89266782035077,1179930,TSLA
2025-03-26 10:20:00.445853,177.89266782035077,178.03197666846958,177.7929276353793,177.89158443673657,324735,TSLA
2025-03-26 10:25:00.445853,177.89158443673657,178.21867513285298,177.80559782448205,177.89055120214462,985453,TSLA
2025-03-26 10:30:00.445853,177.89055120214462,178.04861850285948,177.73719597041915,177.88953025339455,881671,TSLA
2025-03-26 10:35:00.445853,177.88953025339455,178.07757701004917,177.68057002796755,177.8886015699542,1326752,TSLA
2025-03-26 10:40:00.445853,177.8886015699542,178.05267297496889,177.82327693738694,177.8876772690175,1217960,TSLA
2025-03-26 10:45:00.445853,177.8876772690175,177.9921610949222,177.7828877196712,177.88645039028341,749228,TSLA
2025-03-26 10:50:00.445853,177.88645039028341,178.0140359138043,177.65822395058993,177.88558913697176,857562,TSLA
2025-03-26 10:55:00.445853,177.88558913697176,177.97183689615315,177.8236526684885,177.88459533656672,1088444,TSLA
2025-03-26 11:00:00.445853,177.88459533656672,178.24973355328694,177.75066975869117,177.8835165411071,1580580,TSLA
2025-03-26 11:05:00.445853,177.8835165411071,177.97129525642015,177.8451909647576,177.88248102399865,949074,TSLA
2025-03-26 11:10:00.445853,177.88248102399865,177.92377289384604,177.8479389242851,177.8815487567639,609691,TSLA
2025-03-26 11:15:00.445853,177.8815487567639,177.8897594370435,177.83882251103753,177.88048007545044,1717224,TSLA
2025-03-26 11:20:00.445853,177.88048007545044,178.0851779571102,177.8507346050403,177.8793943923496,1413016,TSLA
2025-03-26 11:25:00.445853,177.8793943923496,178.07471581149738,177.42455168475792,177.8784896949408,1444661,TSLA
2025-03-26 11:30:00.445853,177.8784896949408,178.02465802263526,177.78053573361117,177.87727720460563,1189663,TSLA
2025-03-26 11:35:00.445853,177.87727720460563,177.967258437146,177.78015399618062,177.8762643625849,1538675,TSLA
2025-03-26 11:40:00.445853,177.8762643625849,178.03769713495274,177.80035639946612,177.87511810559369,951434,TSLA
2025-03-26 11:45:00.445853,177.87511810559369,178.0116724096762,177.54480384440862,177.87399440623517,1323221,TSLA
2025-03-26 11:50:00.445853,177.87399440623517,177.91659195689388,177.8152492937621,177.87310633313663,956472,TSLA
2025-03-26 11:55:00.445853,177.87310633313663,177.91876819501545,177.85630486233345,177.8720884505168,1403099,TSLA
2025-03-26 12:00:00.445853,177.8720884505168,178.1051843447192,177.78860833973988,177.87115585161035,1181326,TSLA
2025-03-26 12:05:00.445853,177.87115585161035,177.9397141516969,177.82252563578027,177.87013746890133,1562844,TSLA
2025-03-26 12:10:00.445853,177.87013746890133,177.94688535857412,177.84458681451147,177.8691704720835,977077,TSLA
2025-03-26 12:15:00.445853,177.8691704720835,177.91457631233905,177.7690117680881,177.86807500756703,1023261,TSLA
2025-03-26 12:20:00.445853,177.86807500756703,178.02591400164525,177.78270729688109,177.86700449065944,953692,TSLA
2025-03-26 12:25:00.445853,177.86700449065944,178.03199393345452,177.74028299877895,177.8658078047497,1485626,TSLA
2025-03-26 12:30:00.445853,177.8658078047497,178.01122148205948,177.7944387082603,177.86474510350823,1617013,TSLA
2025-03-26 12:35:00.445853,177.86474510350823,177.98832886234382,177.74273236984746,177.86381817948515,1246605,TSLA
2025-03-26 12:40:00.445853,177.86381817948515,178.09473349029423,177.81283560169686,177.86293281993426,656687,TSLA
2025-03-26 12:45:00.445853,177.86293281993426,178.36654937133542,177.80547346919747,177.86170735044556,1166175,TSLA
2025-03-26 12:50:00.445853,177.86170735044556,177.9318566445509,177.67033463045922,177.8606048665953,1397156,TSLA
2025-03-26 12:55:00.445853,177.8606048665953,177.95553075698788,177.82763058224387,177.8595791651987,722175,TSLA
2025-03-26 13:00:00.445853,177.8595791651987,177.866854539869,177.65800792265927,177.85850787168988,1325374,TSLA
2025-03-26 13:05:00.445853,177.85850787168988,177.93729054956944,177.65470600414938,177.85747415188115,1369040,TSLA
2025-03-26 13:10:00.445853,177.85747415188115,177.99226351419847,177.80908275497174,177.85640774411348,1409756,TSLA
2025-03-26 13:15:00.445853,177.85640774411348,178.43436670770015,177.6977472046237,177.8554337567637,1360480,TSLA
2025-03-26 13:20:00.445853,177.8554337567637,177.92963870343974,177.75095791698476,177.85439290244938,929317,TSLA
2025-03-26 13:25:00.445853,177.85439290244938,178.08459052113741,177.79291266775599,177.8532987016702,828460,TSLA
2025-03-26 13:30:00.445853,177.8532987016702,178.09321895929457,177.8315174171231,177.85233813252987,1821093,TSLA
2025-03-26 13:35:00.445853,177.85233813252987,177.93638512587344,177.63819386832537,177.85119964965767,710804,TSLA
2025-03-26 13:40:00.445853,177.85119964965767,177.85517692153252,177.75244557314522,177.85008786799511,509207,TSLA
2025-03-26 13:45:00.445853,177.85008786799511,178.0632146396609,177.6787946438596,177.84892540939336,999721,TSLA
2025-03-26 13:50:00.445853,177.84892540939336,178.03555186203246,177.58980150822546,177.84805892754963,795450,TSLA
2025-03-26 13:55:00.445853,177.84805892754963,178.12548818606302,177.8419714753483,177.8470617023123,1234521,TSLA
2025-03-26 14:00:00.445853,177.8470617023123,177.85184661613036,177.83397308836538,177.84600185075044,1207536,TSLA
2025-03-26 14:05:00.445853,177.84600185075044,177.88420512781195,177.8423208836745,177.84499640398235,976194,TSLA
2025-03-26 14:10:00.445853,177.84499640398235,177.99384874004681,177.761809167738,177.84414878968988,807029,TSLA
2025-03-26 14:15:00.445853,177.84414878968988,178.19634074225107,177.6439036875664,177.84313528139091,1033337,TSLA
2025-03-26 14:20:00.445853,177.84313528139091,177.86347959992435,177.76904529746298,177.84235297870273,1086242,TSLA
2025-03-26 14:25:00.445853,177.84235297870273,178.05982728076657,177.65945455345778,177.8412485603703,1037580,TSLA
2025-03-26 14:30:00.445853,177.8412485603703,177.91073323489752,177.72826889533,177.84014993081877,961636,TSLA
2025-03-26 14:35:00.445853,177.84014993081877,177.94336479175738,177.75145306538545,177.83910770994217,1225878,TSLA
2025-03-26 14:40:00.445853,177.83910770994217,178.03886176741366,177.7497484675298,177.83784144919582,1547679,TSLA
2025-03-26 14:45:00.445853,177.83784144919582,177.88673299332012,177.76070419112943,177.83682401210413,1647116,TSLA
2025-03-26 14:50:00.445853,177.83682401210413,177.88164757549717,177.67349654406627,177.835797861187,1200996,TSLA
2025-03-26 14:55:00.445853,177.835797861187,177.99243113641796,177.57539710740883,177.83485647937897,1185830,TSLA
2025-03-26 15:00:00.445853,177.83485647937897,177.98221490206836,177.82615386240178,177.83392009009432,1066852,TSLA
2025-03-26 15:05:00.445853,177.83392009009432,177.859030393278,177.5048661761127,177.83289778494935,1282380,TSLA
2025-03-26 15:10:00.445853,177.83289778494935,178.05921962148062,177.79240206707746,177.83217407816727,1054316,TSLA
2025-03-26 15:15:00.445853,177.83217407816727,178.00815279415954,177.4707766834315,177.8312475070461,681036,TSLA
2025-03-26 15:20:00.445853,177.8312475070461,178.30049851484787,177.81167808882705,177.83023857475757,1112160,TSLA
2025-03-26 15:25:00.445853,177.83023857475757,178.016577266713,177.38965638459666,177.82909836457435,1045864,TSLA
2025-03-26 15:30:00.445853,177.82909836457435,178.03250504883363,177.73578057072817,177.828145024341,1462266,TSLA
2025-03-26 15:35:00.445853,177.828145024341,177.96273091194817,177.7659602231449,177.8271462917282,1534102,TSLA
2025-03-26 15:40:00.445853,177.8271462917282,177.8972516186963,177.77043663608902,177.8262009800105,967815,TSLA
2025-03-26 15:45:00.445853,177.8262009800105,178.40059002162278,177.40652465506818,177.8250256362305,933390,TSLA
2025-03-26 15:50:00.445853,177.8250256362305,177.85329996259384,177.8019442737592,177.8237800229754,1192178,TSLA
2025-03-26 15:55:00.445853,177.8237800229754,177.91723992669648,177.6437429951338,177.82262220102632,1113545,TSLA
2025-03-26 16:00:00.445853,177.82262220102632,178.0227249353884,177.6352736902798,177.82,644398,TSLA
2025-03-26 09:30:00.451309,178.6635553221523,178.86657213398334,178.6381038023578,178.66369917858404,814544,AMZN
2025-03-26 09:35:00.451309,178.66369917858404,178.80908253044427,178.6284431264516,178.66488429928066,738734,AMZN
2025-03-26 09:40:00.451309,178.66488429928066,178.90995122196222,178.41285544049563,178.66609919858783,782146,AMZN
2025-03-26 09:45:00.451309,178.66609919858783,178.72478595817796,178.55288198164766,178.6673031828493,570881,AMZN
2025-03-26 09:50:00.451309,178.6673031828493,178.95141117012918,178.35383990954102,178.66853781577674,748609,AMZN
2025-03-26 09:55:00.451309,178.66853781577674,178.83106480843324,178.62273357696517,178.6695052502737,818136,AMZN
2025-03-26 10:00:00.451309,178.6695052502737,178.67366053288663,178.54503209286537,178.67053232189392,1117273,AMZN
2025-03-26 10:05:00.451309,178.67053232189392,178.6761720825438,178.38832984775027,178.67168287986692,1201718,AMZN
2025-03-26 10:10:00.451309,178.67168287986692,178.68591380038313,178.60621906835578,178.6725494851034,678730,AMZN
2025-03-26 10:15:00.451309,178.6725494851034,178.72523777315183,178.3703482166464,178.673650019207,785793,AMZN
2025-03-26 10:20:00.451309,178.673650019207,178.81348324211442,178.44428606561084,178.67453557385676,964713,AMZN
2025-03-26 10:25:00.451309,178.67453557385676,178.7402516832194,178.6350526387067,178.67549819584724,318696,AMZN
2025-03-26 10:30:00.451309,178.67549819584724,178.79335746863939,178.64507785391515,178.67682801193325,1150304,AMZN
2025-03-26 10:35:00.451309,178.67682801193325,178.73174081994785,178.44744445682858,178.67797387612745,958067,AMZN
2025-03-26 10:40:00.451309,178.67797387612745,178.72206684109196,178.5549271372011,178.67909873181796,713130,AMZN
2025-03-26 10:45:00.451309,178.67909873181796,179.0957889868457,178.55240159094836,178.68030248615042,876640,AMZN
2025-03-26 10:50:00.451309,178.68030248615042,178.7375164962298,178.28186207901922,178.68150468932137,1066893,AMZN
2025-03-26 10:55:00.451309,178.68150468932137,178.6826686523172,178.67297255842024,178.68259964597294,850627,AMZN
2025-03-26 11:00:00.451309,178.68259964597294,178.879260177839,178.66458653775717,178.68392847813521,672997,AMZN
2025-03-26 11:05:00.451309,178.68392847813521,178.73318011560883,178.62445653933236,178.6848756124309,1008815,AMZN
2025-03-26 11:10:00.451309,178.6848756124309,178.93127497082307,178.41317584150624,178.68615756751913,1127778,AMZN
2025-03-26 11:15:00.451309,178.68615756751913,178.83667079809825,178.60806518575112,178.68744590766343,493150,AMZN
2025-03-26 11:20:00.451309,178.68744590766343,178.7234394989766,178.51994999892477,178.68840357374975,718223,AMZN
2025-03-26 11:25:00.451309,178.68840357374975,178.98446758779866,178.43899290898494,178.68952977674311,797593,AMZN
2025-03-26 11:30:00.451309,178.68952977674311,178.93440653767607,178.4533911746679,178.69075454995138,957879,AMZN
2025-03-26 11:35:00.451309,178.69075454995138,178.82427260957076,178.64523815792185,178.691931193334,940001,AMZN
2025-03-26 11:40:00.451309,178.691931193334,178.76258008551108,178.47307081588988,178.69293925798723,598094,AMZN
2025-03-26 11:45:00.451309,178.69293925798723,179.00443499136753,178.42218577361385,178.6940239577852,335962,AMZN
2025-03-26 11:50:00.451309,178.6940239577852,178.95583736724925,178.41784069464154,178.69529760632633,1111244,AMZN
2025-03-26 11:55:00.451309,178.69529760632633,178.81063818573315,178.62378993490196,178.69635344014594,745557,AMZN
2025-03-26 12:00:00.451309,178.69635344014594,178.85670052535917,178.52987440042926,178.69724353164764,751938,AMZN
2025-03-26 12:05:00.451309,178.69724353164764,178.8803545094386,178.63509886201626,178.6984156376498,722990,AMZN
2025-03-26 12:10:00.451309,178.6984156376498,179.15542764569756,178.54222876024292,178.69941306443033,887958,AMZN
2025-03-26 12:15:00.451309,178.69941306443033,178.71108076876743,178.56699848310092,178.70070952454256,315973,AMZN
2025-03-26 12:20:00.451309,178.70070952454256,178.71717713690492,178.58001518287443,178.70202216152833,792657,AMZN
2025-03-26 12:25:00.451309,178.70202216152833,178.8984634934456,178.47430000853763,178.70306864830775,659097,AMZN
2025-03-26 12:30:00.451309,178.70306864830775,178.9709315883691,178.51852750237362,178.70430993672022,708680,AMZN
2025-03-26 12:35:00.451309,178.70430993672022,178.9529450143218,178.6435159739432,178.70540365011217,925197,AMZN
2025-03-26 12:40:00.451309,178.70540365011217,178.7692815160434,178.44609783502656,178.70657291544984,619415,AMZN
2025-03-26 12:45:00.451309,178.70657291544984,179.02722356760935,178.6285160259108,178.7078187368926,1047650,AMZN
2025-03-26 12:50:00.451309,178.7078187368926,178.83658088222012,178.65128231143063,178.70877269398443,940074,AMZN
2025-03-26 12:55:00.451309,178.70877269398443,178.95787082413955,178.61312540232936,178.7099279082041,700040,AMZN
2025-03-26 13:00:00.451309,178.7099279082041,178.7456863448203,178.40367437004846,178.71103020999763,740013,AMZN
2025-03-26 13:05:00.451309,178.71103020999763,178.9595851724334,178.5446550465852,178.71202978028853,787752,AMZN
2025-03-26 13:10:00.451309,178.71202978028853,178.9931326390542,178.67581070951758,178.71337867976172,953474,AMZN
2025-03-26 13:15:00.451309,178.71337867976172,178.8456544365559,178.7030750706474,178.71450559236035,691203,AMZN
2025-03-26 13:20:00.451309,178.71450559236035,178.84395079057663,178.548476182667,178.71556479818491,752842,AMZN
2025-03-26 13:25:00.451309,178.71556479818491,178.84061556987547,178.3664289476021,178.716846664716,718063,AMZN
2025-03-26 13:30:00.451309,178.716846664716,179.09125443000445,178.69935192555968,178.71823064140338,463956,AMZN
2025-03-26 13:35:00.451309,178.71823064140338,178.89056404819863,178.59807431264386,178.7195072424874,898933,AMZN
2025-03-26 13:40:00.451309,178.7195072424874,178.9531099939389,178.53267799996155,178.72071325858957,1158047,AMZN
2025-03-26 13:45:00.451309,178.72071325858957,178.7344252873169,178.43305598494132,178.72185958867522,930148,AMZN
2025-03-26 13:50:00.451309,178.72185958867522,178.84441541777676,178.7183442508965,178.72291969271532,1008918,AMZN
2025-03-26 13:55:00.451309,178.72291969271532,178.83927630960906,178.47635594977416,178.72406718407552,1097157,AMZN
2025-03-26 14:00:00.451309,178.72406718407552,178.79005894149049,178.64160926224233,178.72526113830014,580850,AMZN
2025-03-26 14:05:00.451309,178.72526113830014,178.78617382873153,178.6381205722137,178.72639612743745,1168511,AMZN
2025-03-26 14:10:00.451309,178.72639612743745,178.79536082921803,178.5232309864495,178.72735209156613,498519,AMZN
2025-03-26 14:15:00.451309,178.72735209156613,178.73604693403362,178.64792920045986,178.72831013260006,807447,AMZN
2025-03-26 14:20:00.451309,178.72831013260006,178.84481968837352,178.68818782270043,178.72934085181925,845186,AMZN
2025-03-26 14:25:00.451309,178.72934085181925,178.86940257386885,178.69044828592658,178.73064551868828,1085842,AMZN
2025-03-26 14:30:00.451309,178.73064551868828,179.19311219843647,178.71905316337256,178.73171849849888,554865,AMZN
2025-03-26 14:35:00.451309,178.73171849849888,178.7560036341388,178.54229948293255,178.73295034716577,616977,AMZN
2025-03-26 14:40:00.451309,178.73295034716577,178.90261303224509,178.59037760531805,178.73405386342546,1103402,AMZN
2025-03-26 14:45:00.451309,178.73405386342546,179.0728813230164,178.72888425583605,178.73524503270852,752964,AMZN
2025-03-26 14:50:00.451309,178.73524503270852,178.952699335976,178.67917159264223,178.73640974974268,1032537,AMZN
2025-03-26 14:55:00.451309,178.73640974974268,178.91753346767538,178.64335040986148,178.7376256323434,502621,AMZN
2025-03-26 15:00:00.451309,178.7376256323434,179.09571576592998,178.45794792207678,178.73870278981454,644893,AMZN
2025-03-26 15:05:00.451309,178.73870278981454,179.0670225434359,178.29260716144518,178.73976764546575,1267989,AMZN
2025-03-26 15:10:00.451309,178.73976764546575,178.83170916679558,178.68971006895202,178.74091742274845,657316,AMZN
2025-03-26 15:15:00.451309,178.74091742274845,178.8802633686049,178.71114155319341,178.7421039085324,507423,AMZN
2025-03-26 15:20:00.451309,178.7421039085324,178.94288075307145,178.50181675240793,178.74302738518813,1051915,AMZN
2025-03-26 15:25:00.451309,178.74302738518813,178.74818751058524,178.56826212215876,178.74417144628907,628800,AMZN
2025-03-26 15:30:00.451309,178.74417144628907,178.94673799069295,178.69308317879126,178.74521870282973,457074,AMZN
2025-03-26 15:35:00.451309,178.74521870282973,179.07980599226764,178.56215630120482,178.74634067074024,554243,AMZN
2025-03-26 15:40:00.451309,178.74634067074024,178.93211550573776,178.57904213823656,178.7471616134145,867666,AMZN
2025-03-26 15:45:00.451309,178.7471616134145,178.86827391615643,178.72816464280052,178.7484303965132,839379,AMZN
2025-03-26 15:50:00.451309,178.7484303965132,179.08958943767962,178.60129065900608,178.74963141400914,1244856,AMZN
2025-03-26 15:55:00.451309,178.74963141400914,178.8849674401876,178.58104835628174,178.75080658244946,1307103,AMZN
2025-03-26 16:00:00.451309,178.75080658244946,179.0338757273747,178.64594235846556,178.75,1109706,AMZN
2025-03-26 09:30:00.458580,175.75943168070273,175.9837521662588,175.75480298096167,175.75898247636465,127968,GOOGL
2025-03-26 09:35:00.458580,175.75898247636465,175.8605859420924,175.3483228254795,175.7622621718689,67414,GOOGL
2025-03-26 09:40:00.458580,175.7622621718689,175.9406001453295,175.6559394984079,175.76462118055133,90386,GOOGL
2025-03-26 09:45:00.458580,175.76462118055133,176.20581803912333,175.49846202690563,175.7676124255271,137162,GOOGL
2025-03-26 09:50:00.458580,175.7676124255271,175.8175095662001,175.6868402805217,175.77081000296462,96148,GOOGL
2025-03-26 09:55:00.458580,175.77081000296462,175.96297794718086,175.66249074159597,175.77383672363203,96867,GOOGL
2025-03-26 10:00:00.458580,175.77383672363203,176.05359799324486,175.6385594422233,175.77656564223284,39181,GOOGL
2025-03-26 10:05:00.458580,175.77656564223284,175.82763106668497,175.6071363542452,175.77902541789015,70697,GOOGL
2025-03-26 10:10:00.458580,175.77902541789015,175.85882649730206,175.55512701725294,175.78171432857968,99296,GOOGL
2025-03-26 10:15:00.458580,175.78171432857968,176.06819205834972,175.7097457997312,175.78428703609117,36398,GOOGL
2025-03-26 10:20:00.458580,175.78428703609117,175.88031166925882,175.51301448950986,175.78685419377754,75780,GOOGL
2025-03-26 10:25:00.458580,175.78685419377754,175.8109154080532,175.58399783800144,175.78906833854134,119817,GOOGL
2025-03-26 10:30:00.458580,175.78906833854134,175.81764262326772,175.59772156815453,175.79243097061268,55501,GOOGL
2025-03-26 10:35:00.458580,175.79243097061268,175.8659853388334,175.47677997274178,175.7947145406369,79828,GOOGL
2025-03-26 10:40:00.458580,175.7947145406369,175.93341775492436,175.67899261769907,175.79801278092754,57543,GOOGL
2025-03-26 10:45:00.458580,175.79801278092754,175.80285154653484,175.69503326386717,175.80108272502065,92110,GOOGL
2025-03-26 10:50:00.458580,175.80108272502065,175.8354673008098,175.4789706688363,175.80389858135143,105990,GOOGL
2025-03-26 10:55:00.458580,175.80389858135143,175.87873164234705,175.63930822802453,175.80634524381347,120600,GOOGL
2025-03-26 11:00:00.458580,175.80634524381347,175.81216489179369,175.60907408303683,175.80837942260325,102824,GOOGL
2025-03-26 11:05:00.458580,175.80837942260325,175.95136110686752,175.72015690433278,175.81072802848774,72757,GOOGL
2025-03-26 11:10:00.458580,175.81072802848774,176.1096143408648,175.63854772609992,175.81360375475404,113341,GOOGL
2025-03-26 11:15:00.458580,175.81360375475404,175.9861926120915,175.68984843408433,175.81637831979876,164946,GOOGL
2025-03-26 11:20:00.458580,175.81637831979876,175.9331798585131,175.71608337346248,175.81910203081145,99375,GOOGL
2025-03-26 11:25:00.458580,175.81910203081145,175.9171879151102,175.60983164855452,175.8225385423973,131760,GOOGL
2025-03-26 11:30:00.458580,175.8225385423973,175.97426685280678,175.58051651299863,175.82531947487348,52278,GOOGL
2025-03-26 11:35:00.458580,175.82531947487348,175.84036784780545,175.76091553794262,175.82753844511691,108744,GOOGL
2025-03-26 11:40:00.458580,175.82753844511691,175.98747835917237,175.81661858638307,175.8308324534875,96291,GOOGL
2025-03-26 11:45:00.458580,175.8308324534875,175.8873583584162,175.60912779902657,175.8337383626973,77508,GOOGL
2025-03-26 11:50:00.458580,175.8337383626973,175.90151494442426,175.59861442564713,175.83684649299127,150491,GOOGL
2025-03-26 11:55:00.458580,175.83684649299127,175.97508585965255,175.50624699764944,175.83911443394572,121047,GOOGL
2025-03-26 12:00:00.458580,175.83911443394572,175.9742902764245,175.6461631569757,175.84186578762137,106393,GOOGL
2025-03-26 12:05:00.458580,175.84186578762137,175.91519411353158,175.7028755241329,175.84462287987986,101612,GOOGL
2025-03-26 12:10:00.458580,175.84462287987986,176.1982647481416,175.8376612287896,175.84781540238916,87569,GOOGL
2025-03-26 12:15:00.458580,175.84781540238916,175.86257208713167,175.77357375439695,175.85039136129276,114745,GOOGL
2025-03-26 12:20:00.458580,175.85039136129276,175.9857772805379,175.66588241801617,175.85363128952807,135442,GOOGL
2025-03-26 12:25:00.458580,175.85363128952807,176.03861381855145,175.76811537832648,175.85623696401478,110054,GOOGL
2025-03-26 12:30:00.458580,175.85623696401478,176.07153838546782,175.82196577329407,175.8587550988955,100429,GOOGL
2025-03-26 12:35:00.458580,175.8587550988955,176.1151091987731,175.74954167818137,175.86163596889588,160687,GOOGL
2025-03-26 12:40:00.458580,175.86163596889588,176.0328629683229,175.46772153060988,175.8644254528933,100396,GOOGL
2025-03-26 12:45:00.458580,175.8644254528933,175.98642695242773,175.78790820384222,175.8669513801093,130818,GOOGL
2025-03-26 12:50:00.458580,175.8669513801093,175.9151924473467,175.76519908258393,175.86960504585932,110984,GOOGL
2025-03-26 12:55:00.458580,175.86960504585932,175.88986505214405,175.80251054908254,175.8721929947758,84103,GOOGL
2025-03-26 13:00:00.458580,175.8721929947758,176.03562807490772,175.8274915794022,175.87539301155522,43938,GOOGL
2025-03-26 13:05:00.458580,175.87539301155522,176.0526899194482,175.6782495595809,175.87875089659642,107306,GOOGL
2025-03-26 13:10:00.458580,175.87875089659642,175.92996956272174,175.75106970008753,175.88181556778818,107182,GOOGL
2025-03-26 13:15:00.458580,175.88181556778818,176.04769341806664,175.63719174666,175.88454540288694,94102,GOOGL
2025-03-26 13:20:00.458580,175.88454540288694,176.16281185399725,175.87370617591932,175.88697809302775,115455,GOOGL
2025-03-26 13:25:00.458580,175.88697809302775,175.94555970238358,175.87608203555848,175.88932917163774,56311,GOOGL
2025-03-26 13:30:00.458580,175.88932917163774,176.06541394699292,175.75596963992828,175.8919230168419,107197,GOOGL
2025-03-26 13:35:00.458580,175.8919230168419,176.02780204420307,175.81827315211424,175.89531511842176,111515,GOOGL
2025-03-26 13:40:00.458580,175.89531511842176,175.97971046535076,175.85437994589995,175.89832265242669,63213,GOOGL
2025-03-26 13:45:00.458580,175.89832265242669,176.10310692286592,175.5333149901609,175.90093791088498,176040,GOOGL
2025-03-26 13:50:00.458580,175.90093791088498,176.03858946794975,175.7487968690648,175.9031937388143,105532,GOOGL
2025-03-26 13:55:00.458580,175.9031937388143,175.941113388407,175.71573366276027,175.90625211707544,85770,GOOGL
2025-03-26 14:00:00.458580,175.90625211707544,176.0636239775732,175.62363059287995,175.90923158201596,146539,GOOGL
2025-03-26 14:05:00.458580,175.90923158201596,176.00188017628338,175.8166881781757,175.91184328567434,145746,GOOGL
2025-03-26 14:10:00.458580,175.91184328567434,176.02457668310416,175.89406187279195,175.914501982573,93306,GOOGL
2025-03-26 14:15:00.458580,175.914501982573,176.46600096526274,175.46600389155162,175.91709785938392,35288,GOOGL
2025-03-26 14:20:00.458580,175.91709785938392,176.02530843890827,175.52188986339854,175.92031538575353,114800,GOOGL
2025-03-26 14:25:00.458580,175.92031538575353,175.96475361921156,175.8034627458953,175.9233217034446,75037,GOOGL
2025-03-26 14:30:00.458580,175.9233217034446,176.1868289458859,175.88722847571296,175.92596032839958,89064,GOOGL
2025-03-26 14:35:00.458580,175.92596032839958,176.05842156913317,175.73814676492503,175.92912966711646,104816,GOOGL
2025-03-26 14:40:00.458580,175.92912966711646,176.0102739916019,175.64855958394207,175.93179047144204,111044,GOOGL
2025-03-26 14:45:00.458580,175.93179047144204,176.0645896445658,175.76530624992964,175.93465789762115,142346,GOOGL
2025-03-26 14:50:00.458580,175.93465789762115,176.00551825791604,175.91776945471216,175.93785649500288,85198,GOOGL
2025-03-26 14:55:00.458580,175.93785649500288,175.943353239949,175.88213815118002,175.94043897272707,104578,GOOGL
2025-03-26 15:00:00.458580,175.94043897272707,175.9964496664061,175.61487172188234,175.94296859068848,47620,GOOGL
2025-03-26 15:05:00.458580,175.94296859068848,176.1275149977827,175.61303500146659,175.94566929005336,88410,GOOGL
2025-03-26 15:10:00.458580,175.94566929005336,176.35211050366172,175.7073444253835,175.94849010597903,114801,GOOGL
2025-03-26 15:15:00.458580,175.94849010597903,176.27896580131863,175.68470179636628,175.95127023574588,170307,GOOGL
2025-03-26 15:20:00.458580,175.95127023574588,176.07153555488668,175.93166891385468,175.95307651711488,67760,GOOGL
2025-03-26 15:25:00.458580,175.95307651711488,175.97627050732518,175.74496525133063,175.95572178315814,118765,GOOGL
2025-03-26 15:30:00.458580,175.95572178315814,176.05199675627608,175.83084813930748,175.95782067476247,110361,GOOGL
2025-03-26 15:35:00.458580,175.95782067476247,176.22390338205938,175.85426485173994,175.96090549981045,75449,GOOGL
2025-03-26 15:40:00.458580,175.96090549981045,176.07052999283334,175.5142376992506,175.96386312618543,88302,GOOGL
2025-03-26 15:45:00.458580,175.96386312618543,176.22693403065193,175.85131450071168,175.96670637627986,83053,GOOGL
2025-03-26 15:50:00.458580,175.96670637627986,176.3039136774622,175.85928260999114,175.97044979501104,80826,GOOGL
2025-03-26 15:55:00.458580,175.97044979501104,175.99243434774473,175.89053065635832,175.9733905046394,124631,GOOGL
2025-03-26 16:00:00.458580,175.9733905046394,176.10043391343234,175.77158045172607,175.98,113210,GOOGL
2025-03-26 09:30:00.464597,484.6109994582118,484.83797334552594,483.65851413534773,484.6100185616975,178733,META
2025-03-26 09:35:00.464597,484.6100185616975,485.0105682169938,484.2006284886803,484.62666220335745,180433,META
2025-03-26 09:40:00.464597,484.62666220335745,485.09501274237084,484.0747440835003,484.6423402433019,505900,META
2025-03-26 09:45:00.464597,484.6423402433019,484.72951257390605,484.5630445501518,484.65753084521896,313394,META
2025-03-26 09:50:00.464597,484.65753084521896,484.8122593583577,483.99648534175395,484.67714650676595,195575,META
2025-03-26 09:55:00.464597,484.67714650676595,485.049837884095,484.569017996101,484.694892772489,131684,META
2025-03-26 10:00:00.464597,484.694892772489,484.97926781373013,484.5367423344804,484.7133198033759,287110,META
2025-03-26 10:05:00.464597,484.7133198033759,484.76753867575064,483.98388298826063,484.72854731902356,262567,META
2025-03-26 10:10:00.464597,484.72854731902356,485.130344152741,484.6765202807378,484.7444386118365,140825,META
2025-03-26 10:15:00.464597,484.7444386118365,485.17493197070877,484.3547490294122,484.7586911835418,460902,META
2025-03-26 10:20:00.464597,484.7586911835418,485.55726799698056,484.410484949766,484.77360573091835,264208,META
2025-03-26 10:25:00.464597,484.77360573091835,484.99710270648916,484.0707843589822,484.7887981312305,369576,META
2025-03-26 10:30:00.464597,484.7887981312305,485.54719825650665,484.7663356247584,484.8037530035,385108,META
2025-03-26 10:35:00.464597,484.8037530035,484.8380910114963,484.7250216325421,484.82427405109405,351211,META
2025-03-26 10:40:00.464597,484.82427405109405,485.02057680975867,484.1113741093841,484.84104927592904,405753,META
2025-03-26 10:45:00.464597,484.84104927592904,485.1205036849108,484.02529157292383,484.8601783529498,286953,META
2025-03-26 10:50:00.464597,484.8601783529498,484.9211106903729,484.59417160592966,484.8746100313934,194661,META
2025-03-26 10:55:00.464597,484.8746100313934,485.00954694019885,484.43644279764777,484.88989078749137,289382,META
2025-03-26 11:00:00.464597,484.88989078749137,485.1245581939465,484.787173465157,484.9049993710418,318482,META
2025-03-26 11:05:00.464597,484.9049993710418,485.2510837908693,484.28269135973403,484.92227341125476,373882,META
2025-03-26 11:10:00.464597,484.92227341125476,485.4975510133069,484.2293507505192,484.93705914354433,475859,META
2025-03-26 11:15:00.464597,484.93705914354433,485.74807899802084,484.33934944915774,484.95134532427215,342683,META
2025-03-26 11:20:00.464597,484.95134532427215,485.44476179745703,484.2813008785893,484.9693969476542,232869,META
2025-03-26 11:25:00.464597,484.9693969476542,485.14973605826793,484.5646607581029,484.98183945425956,348348,META
2025-03-26 11:30:00.464597,484.98183945425956,485.4671661081397,484.829892585907,484.9999181267251,340838,META
2025-03-26 11:35:00.464597,484.9999181267251,485.13564771799145,484.6346361566317,485.01482881634206,293160,META
2025-03-26 11:40:00.464597,485.01482881634206,485.403748997882,484.9086141750699,485.0326100126031,310549,META
2025-03-26 11:45:00.464597,485.0326100126031,485.8680883614644,484.75492452860374,485.04872098385516,290009,META
2025-03-26 11:50:00.464597,485.04872098385516,485.637236343042,484.9998764486358,485.06496358812217,186167,META
2025-03-26 11:55:00.464597,485.06496358812217,485.4637778227971,484.48251086527466,485.08022075668094,312370,META
2025-03-26 12:00:00.464597,485.08022075668094,485.94463413703045,485.02475475906033,485.09383518750184,305574,META
2025-03-26 12:05:00.464597,485.09383518750184,485.6345086501288,484.7087538052554,485.1105602740362,149245,META
2025-03-26 12:10:00.464597,485.1105602740362,485.21463023408955,484.4233907373299,485.13041284115707,375248,META
2025-03-26 12:15:00.464597,485.13041284115707,485.7907105205181,484.0048667654798,485.1468917826594,289656,META
2025-03-26 12:20:00.464597,485.1468917826594,485.19678898324867,484.52718717917224,485.1624470555472,423659,META
2025-03-26 12:25:00.464597,485.1624470555472,485.37430784231293,484.7744521430154,485.17779016764314,306046,META
2025-03-26 12:30:00.464597,485.17779016764314,485.67342882313744,484.8585030458643,485.1962539203506,186982,META
2025-03-26 12:35:00.464597,485.1962539203506,485.529992997606,484.96510602655485,485.2148773044992,368024,META
2025-03-26 12:40:00.464597,485.2148773044992,485.35538614581895,485.0937766340515,485.2289181951136,334759,META
2025-03-26 12:45:00.464597,485.2289181951136,485.61412635800053,485.2261261855803,485.2487238430696,269535,META
2025-03-26 12:50:00.464597,485.2487238430696,485.7947660132608,484.7649282783191,485.2640524065879,396268,META
2025-03-26 12:55:00.464597,485.2640524065879,485.62735300229997,485.0555838986011,485.27759983209927,406178,META
2025-03-26 13:00:00.464597,485.27759983209927,485.5233443112672,484.4276058591905,485.2964865308286,383214,META
2025-03-26 13:05:00.464597,485.2964865308286,485.44178789907215,485.022237608565,485.31244557180077,446389,META
2025-03-26 13:10:00.464597,485.31244557180077,485.6020268521993,484.76469266732505,485.32844029200163,195427,META
2025-03-26 13:15:00.464597,485.32844029200163,486.25149591878267,484.9329238740719,485.3464218330516,268581,META
2025-03-26 13:20:00.464597,485.3464218330516,485.429840549766,484.9124471353308,485.3635440606373,283590,META
2025-03-26 13:25:00.464597,485.3635440606373,485.4603856308348,484.4328974384002,485.3828413094961,227842,META
2025-03-26 13:30:00.464597,485.3828413094961,485.54689695636245,485.35284633089174,485.39757690983765,476296,META
2025-03-26 13:35:00.464597,485.39757690983765,485.6455997657728,484.8125330103391,485.4139505817072,387467,META
2025-03-26 13:40:00.464597,485.4139505817072,485.50469207545154,484.85667726351573,485.42545313464746,276383,META
2025-03-26 13:45:00.464597,485.42545313464746,485.60394470314657,485.128874659629,485.4408154467784,395752,META
2025-03-26 13:50:00.464597,485.4408154467784,485.8340773989012,485.31721015891173,485.4578269120046,451413,META
2025-03-26 13:55:00.464597,485.4578269120046,486.2801942646054,484.98160959403845,485.4742082431631,200803,META
2025-03-26 14:00:00.464597,485.4742082431631,485.62359344638986,484.9279477397687,485.4892971013796,347709,META
2025-03-26 14:05:00.464597,485.4892971013796,486.3216024846841,484.461985990332,485.50752104965045,174981,META
2025-03-26 14:10:00.464597,485.50752104965045,485.58299816778657,485.4541498967808,485.52642648266533,327832,META
2025-03-26 14:15:00.464597,485.52642648266533,485.55767025110106,484.6509050514413,485.5442135325182,260868,META
2025-03-26 14:20:00.464597,485.5442135325182,485.69780072811955,484.962931061019,485.5598748316282,348303,META
2025-03-26 14:25:00.464597,485.5598748316282,485.6433243565259,485.55870435016266,485.5746713718968,361629,META
2025-03-26 14:30:00.464597,485.5746713718968,485.97948721988973,485.3583960673699,485.5936628324974,274877,META
2025-03-26 14:35:00.464597,485.5936628324974,485.9149741485973,485.42590195391165,485.6106106539271,188494,META
2025-03-26 14:40:00.464597,485.6106106539271,486.0823550970231,485.5378323165654,485.6245859928134,307625,META
2025-03-26 14:45:00.464597,485.6245859928134,486.1245607091988,485.3887885256298,485.638868365629,331220,META
2025-03-26 14:50:00.464597,485.638868365629,485.8913997398301,485.33200180431584,485.65522841979873,342458,META
2025-03-26 14:55:00.464597,485.65522841979873,485.8492984531399,485.3409241844274,485.6720785967758,138964,META
2025-03-26 15:00:00.464597,485.6720785967758,486.0115663235205,485.3944807286173,485.69458796820066,282924,META
2025-03-26 15:05:00.464597,485.69458796820066,486.1814792206346,485.3366557955966,485.7145209248065,305537,META
2025-03-26 15:10:00.464597,485.7145209248065,485.76718814663684,485.5909793097153,485.72817183340726,136532,META
2025-03-26 15:15:00.464597,485.72817183340726,486.43886806522045,485.58294696696333,485.74189864256107,412381,META
2025-03-26 15:20:00.464597,485.74189864256107,485.9521141309298,485.5634878472711,485.75971697995755,450386,META
2025-03-26 15:25:00.464597,485.75971697995755,485.91832479370794,485.2275356907875,485.7747043444388,407804,META
2025-03-26 15:30:00.464597,485.7747043444388,486.57886170959875,485.5515411396794,485.787015068793,286843,META
2025-03-26 15:35:00.464597,485.787015068793,486.1002105697046,485.51055316180606,485.80343503248656,324751,META
2025-03-26 15:40:00.464597,485.80343503248656,486.8096796218405,485.65612087010703,485.8203971074009,254978,META
2025-03-26 15:45:00.464597,485.8203971074009,486.38275811878674,485.35112309367435,485.8345666809028,608013,META
2025-03-26 15:50:00.464597,485.8345666809028,486.0901921699755,485.3053146192749,485.85223125172035,267001,META
2025-03-26 15:55:00.464597,485.85223125172035,486.0579256701348,485.3208329166554,485.8682091114312,297994,META
2025-03-26 16:00:00.464597,485.8682091114312,486.55579076582353,485.4255202124696,485.92,245720,META
2025-03-26 09:30:00.472623,923.679454551121,924.2357154428132,923.6719079947029,923.6777326438375,1296835,NVDA
2025-03-26 09:35:00.472623,923.6777326438375,924.1259280809059,923.284509946988,923.7043040966771,578187,NVDA
2025-03-26 09:40:00.472623,923.7043040966771,925.3081846826618,923.2032760281642,923.7262617456993,606405,NVDA
2025-03-26 09:45:00.472623,923.7262617456993,924.9243802792807,923.3842526247855,923.7549332185589,657098,NVDA
2025-03-26 09:50:00.472623,923.7549332185589,924.5547597745729,922.7572349239834,923.779724715574,784003,NVDA
2025-03-26 09:55:00.472623,923.779724715574,924.7968174248833,922.6484965389037,923.8073286178065,965504,NVDA
2025-03-26 10:00:00.472623,923.8073286178065,924.5319735533932,922.6285369459698,923.8335977639741,764695,NVDA
2025-03-26 10:05:00.472623,923.8335977639741,924.7768059939982,923.4355445575563,923.858747944423,457227,NVDA
2025-03-26 10:10:00.472623,923.858747944423,925.5505635898318,921.1713400481964,923.8897359487415,608142,NVDA
2025-03-26 10:15:00.472623,923.8897359487415,924.1198348877738,923.3582500890975,923.9178012569728,970400,NVDA
2025-03-26 10:20:00.472623,923.9178012569728,924.0443351033992,923.2774465970505,923.9477337841038,209355,NVDA
2025-03-26 10:25:00.472623,923.9477337841038,926.2864030521886,922.675250042901,923.9762072963978,687980,NVDA
2025-03-26 10:30:00.472623,923.9762072963978,925.0040414070954,923.4639049196471,923.9952233874499,391988,NVDA
2025-03-26 10:35:00.472623,923.9952233874499,924.3602146150804,923.784028103821,924.0223819693052,422222,NVDA
2025-03-26 10:40:00.472623,924.0223819693052,925.737438867897,923.8368752863522,924.0470482057448,585799,NVDA
2025-03-26 10:45:00.472623,924.0470482057448,924.1816584389402,923.5982761234371,924.0708780079276,467613,NVDA
2025-03-26 10:50:00.472623,924.0708780079276,925.3491992454257,922.2770077081035,924.0975302961327,668233,NVDA
2025-03-26 10:55:00.472623,924.0975302961327,924.8464253683132,923.4903461426518,924.1224856080091,542590,NVDA
2025-03-26 11:00:00.472623,924.1224856080091,925.695113220905,923.848275433099,924.1516659364216,444716,NVDA
2025-03-26 11:05:00.472623,924.1516659364216,924.4707232764888,923.9762580119391,924.1719949179566,816237,NVDA
2025-03-26 11:10:00.472623,924.1719949179566,924.6575297995181,923.9803590389475,924.1975842417827,828791,NVDA
2025-03-26 11:15:00.472623,924.1975842417827,924.9054680176778,923.558441464751,924.2275866603097,547589,NVDA
2025-03-26 11:20:00.472623,924.2275866603097,926.7480895797553,924.1915813939272,924.2546962570409,735660,NVDA
2025-03-26 11:25:00.472623,924.2546962570409,924.3194122742357,923.6862771356673,924.281138183102,376026,NVDA
2025-03-26 11:30:00.472623,924.281138183102,924.5869692421783,924.0543543306209,924.3034835772015,288215,NVDA
2025-03-26 11:35:00.472623,924.3034835772015,925.4849506416476,923.6360784824791,924.329415791875,663484,NVDA
2025-03-26 11:40:00.472623,924.329415791875,924.7754389362959,923.4282677815428,924.3552701181943,704221,NVDA
2025-03-26 11:45:00.472623,924.3552701181943,924.6264337538662,922.8416303620901,924.3772677126634,1101458,NVDA
2025-03-26 11:50:00.472623,924.3772677126634,924.9626196605404,922.916998800732,924.3997503070561,849059,NVDA
2025-03-26 11:55:00.472623,924.3997503070561,924.5928286175815,923.2490553316502,924.4285316560308,427830,NVDA
2025-03-26 12:00:00.472623,924.4285316560308,925.1298963347923,924.2876025616913,924.4565206837991,623901,NVDA
2025-03-26 12:05:00.472623,924.4565206837991,925.0722318046056,923.6210217601356,924.4847881295726,658977,NVDA
2025-03-26 12:10:00.472623,924.4847881295726,925.3873092389621,924.1990051043274,924.5148557706108,798924,NVDA
2025-03-26 12:15:00.472623,924.5148557706108,925.4453783488797,923.0855385600078,924.5478099753578,166612,NVDA
2025-03-26 12:20:00.472623,924.5478099753578,925.0177586773652,923.7657974858972,924.5777365737717,482120,NVDA
2025-03-26 12:25:00.472623,924.5777365737717,925.149533181551,923.993882906364,924.601106748513,606936,NVDA
2025-03-26 12:30:00.472623,924.601106748513,925.713748323696,924.1355324040703,924.6309338331637,570756,NVDA
2025-03-26 12:35:00.472623,924.6309338331637,926.6359264961262,924.56809034967,924.6605218641921,383010,NVDA
2025-03-26 12:40:00.472623,924.6605218641921,925.5139468207437,924.3083272898659,924.6888409183958,693309,NVDA
2025-03-26 12:45:00.472623,924.6888409183958,926.4378158218436,924.3471468960854,924.717881476747,640021,NVDA
2025-03-26 12:50:00.472623,924.717881476747,926.4293926673818,923.8052116129783,924.7481082224684,501612,NVDA
2025-03-26 12:55:00.472623,924.7481082224684,924.8559128408531,924.109479746743,924.7724539062407,426561,NVDA
2025-03-26 13:00:00.472623,924.7724539062407,924.9510469769344,924.7496884470345,924.7963790406396,535132,NVDA
2025-03-26 13:05:00.472623,924.7963790406396,925.5252339600776,923.4233629827318,924.8199069259591,615242,NVDA
2025-03-26 13:10:00.472623,924.8199069259591,925.3250465735667,924.6683898105181,924.8426730772812,745819,NVDA
2025-03-26 13:15:00.472623,924.8426730772812,926.8868036573034,924.4447865412461,924.8663619584737,795309,NVDA
2025-03-26 13:20:00.472623,924.8663619584737,925.7411052704712,924.4992888569178,924.8966214086961,651818,NVDA
2025-03-26 13:25:00.472623,924.8966214086961,925.4919836086542,923.6335488496854,924.9251625394005,671310,NVDA
2025-03-26 13:30:00.472623,924.9251625394005,926.843009487254,924.5751191690719,924.9526563822316,508160,NVDA
2025-03-26 13:35:00.472623,924.9526563822316,925.5898943059403,923.0529587611816,924.9775847144678,1086225,NVDA
2025-03-26 13:40:00.472623,924.9775847144678,926.489647472913,923.7283067778491,925.0088364374556,470943,NVDA
2025-03-26 13:45:00.472623,925.0088364374556,925.1192211188279,924.977704592232,925.0401748195768,520852,NVDA
2025-03-26 13:50:00.472623,925.0401748195768,925.2570614866903,924.486602894551,925.064951169605,949813,NVDA
2025-03-26 13:55:00.472623,925.064951169605,925.4571150363097,924.7292726785574,925.0884504918157,772620,NVDA
2025-03-26 14:00:00.472623,925.0884504918157,925.2643467132791,925.0841869244493,925.1166323130218,703475,NVDA
2025-03-26 14:05:00.472623,925.1166323130218,925.9726396420218,924.57378524952,925.1395937626755,625623,NVDA
2025-03-26 14:10:00.472623,925.1395937626755,925.3312642879641,923.9704282338716,925.1693314083453,606258,NVDA
2025-03-26 14:15:00.472623,925.1693314083453,925.2338666004264,924.8819953762907,925.1940333919881,775245,NVDA
2025-03-26 14:20:00.472623,925.1940333919881,925.9908829479979,924.5478506959191,925.2213945834849,677220,NVDA
2025-03-26 14:25:00.472623,925.2213945834849,925.8371066736654,925.0264054908225,925.247490188833,579087,NVDA
2025-03-26 14:30:00.472623,925.247490188833,926.4053099053674,924.8036095127118,925.2740148959006,628479,NVDA
2025-03-26 14:35:00.472623,925.2740148959006,925.8411111821174,924.2534340729678,925.3008315440328,669656,NVDA
2025-03-26 14:40:00.472623,925.3008315440328,925.3445863967795,924.7881798155229,925.3277027418625,691214,NVDA
2025-03-26 14:45:00.472623,925.3277027418625,925.8690594361209,925.1635711724246,925.3590542489552,759956,NVDA
2025-03-26 14:50:00.472623,925.3590542489552,925.9868039943939,924.7392302939619,925.3868377465403,715458,NVDA
2025-03-26 14:55:00.472623,925.3868377465403,926.0879570152151,924.4348212979945,925.4089455829876,403485,NVDA
2025-03-26 15:00:00.472623,925.4089455829876,926.1779566033883,924.7435423896917,925.435377184388,619186,NVDA
2025-03-26 15:05:00.472623,925.435377184388,926.5987057204837,924.8038423580255,925.4656736422318,676531,NVDA
2025-03-26 15:10:00.472623,925.4656736422318,926.5157975095113,924.6703294094631,925.4902048667308,967139,NVDA
2025-03-26 15:15:00.472623,925.4902048667308,926.6366483055459,924.1384721066931,925.516176983382,988797,NVDA
2025-03-26 15:20:00.472623,925.516176983382,927.0912502368028,925.3938128965966,925.5444069665971,275465,NVDA
2025-03-26 15:25:00.472623,925.5444069665971,926.2186177671838,925.0722751006589,925.5695508970691,1065047,NVDA
2025-03-26 15:30:00.472623,925.5695508970691,926.2315210174542,923.4662211245358,925.5909514017591,727124,NVDA
2025-03-26 15:35:00.472623,925.5909514017591,926.0297618783014,924.6370144996607,925.6171251228793,305081,NVDA
2025-03-26 15:40:00.472623,925.6171251228793,926.3790940155641,925.3422810811592,925.645475812353,892864,NVDA
2025-03-26 15:45:00.472623,925.645475812353,926.2750463755164,925.4730099755878,925.670197101499,486076,NVDA
2025-03-26 15:50:00.472623,925.670197101499,926.9788512179035,923.8743833212163,925.6958886239295,325663,NVDA
2025-03-26 15:55:00.472623,925.6958886239295,926.3019296731577,925.6459386695841,925.7194001738852,1079565,NVDA
2025-03-26 16:00:00.472623,925.7194001738852,925.8527230550751,925.3710366801787,925.75,691733,NVDA
2025-03-26 09:30:00.478722,196.64613723148662,196.74028860094052,196.50379906342602,196.646370851598,126298,JPM
2025-03-26 09:35:00.478722,196.646370851598,196.74607109606276,196.38648416332063,196.64897980298798,93528,JPM
2025-03-26 09:40:00.478722,196.64897980298798,196.73602271833929,196.64866958081797,196.65081746545513,140207,JPM
2025-03-26 09:45:00.478722,196.65081746545513,196.6963670841684,196.57743643176195,196.65300592117947,178940,JPM
2025-03-26 09:50:00.478722,196.65300592117947,196.66173736622562,196.57986013292637,196.6549704496308,137657,JPM
2025-03-26 09:55:00.478722,196.6549704496308,196.9833114008156,196.31967739575717,196.6567748061716,96488,JPM
2025-03-26 10:00:00.478722,196.6567748061716,196.675746981451,196.41134638042786,196.65914457490248,155029,JPM
2025-03-26 10:05:00.478722,196.65914457490248,196.7125141574226,196.4752520518224,196.66155594472556,127180,JPM
2025-03-26 10:10:00.478722,196.66155594472556,196.85826552563114,196.59008034618722,196.66407662871717,71498,JPM
2025-03-26 10:15:00.478722,196.66407662871717,196.73514702904592,196.54050416528028,196.6661829152386,86040,JPM
2025-03-26 10:20:00.478722,196.6661829152386,196.88744893567758,196.55934865404868,196.66855971551465,121728,JPM
2025-03-26 10:25:00.478722,196.66855971551465,196.67717304015298,196.64410063396437,196.67160213409124,200719,JPM
2025-03-26 10:30:00.478722,196.67160213409124,196.71362886301245,196.61414433009378,196.67396239307098,111035,JPM
2025-03-26 10:35:00.478722,196.67396239307098,196.83963966621204,196.66269849493105,196.67646698956162,161856,JPM
2025-03-26 10:40:00.478722,196.67646698956162,197.0957831319202,196.65205363007337,196.6787962947516,100130,JPM
2025-03-26 10:45:00.478722,196.6787962947516,196.79524627903913,196.32311122642784,196.68144916964368,95592,JPM
2025-03-26 10:50:00.478722,196.68144916964368,196.86516688351327,196.5150579255831,196.68380971533196,199339,JPM
2025-03-26 10:55:00.478722,196.68380971533196,196.7609879939748,196.63566195252685,196.68598771006333,92763,JPM
2025-03-26 11:00:00.478722,196.68598771006333,196.69467362647848,196.50925605934313,196.688112594871,155580,JPM
2025-03-26 11:05:00.478722,196.688112594871,196.84714861858305,196.51786815066248,196.6900623097739,74743,JPM
2025-03-26 11:10:00.478722,196.6900623097739,196.76555044632713,196.35974677919023,196.69221272147294,147014,JPM
2025-03-26 11:15:00.478722,196.69221272147294,196.86924904818167,196.63652573267535,196.69471380015355,165091,JPM
2025-03-26 11:20:00.478722,196.69471380015355,196.88685361918166,196.54080620035307,196.69688211329813,160084,JPM
2025-03-26 11:25:00.478722,196.69688211329813,196.7766255974329,196.526019075536,196.69923265856633,137942,JPM
2025-03-26 11:30:00.478722,196.69923265856633,196.8041210916811,196.65050011138962,196.70123744393885,100836,JPM
2025-03-26 11:35:00.478722,196.70123744393885,196.8107016401818,196.63691889118195,196.70396015781105,120514,JPM
2025-03-26 11:40:00.478722,196.70396015781105,197.08813503018357,196.41904983052297,196.7060969144323,88896,JPM
2025-03-26 11:45:00.478722,196.7060969144323,196.89127084998765,196.61394328765846,196.70854211721652,123597,JPM
2025-03-26 11:50:00.478722,196.70854211721652,197.05789921072255,196.54023059349785,196.71048441446032,145162,JPM
2025-03-26 11:55:00.478722,196.71048441446032,196.84637412910783,196.5186682954511,196.71209808230972,169130,JPM
2025-03-26 12:00:00.478722,196.71209808230972,196.82243508672505,196.29679738621533,196.7144985252933,146005,JPM
2025-03-26 12:05:00.478722,196.7144985252933,196.92012460577155,196.50064504649163,196.71718951657093,86555,JPM
2025-03-26 12:10:00.478722,196.71718951657093,197.07567532588365,196.5598421258536,196.71887475846034,96659,JPM
2025-03-26 12:15:00.478722,196.71887475846034,196.7571270733352,196.59872106625318,196.72090851910602,111732,JPM
2025-03-26 12:20:00.478722,196.72090851910602,196.93126313788264,196.61226427376454,196.7227189750489,58693,JPM
2025-03-26 12:25:00.478722,196.7227189750489,196.85772214903074,196.67872077964063,196.72484621160538,231732,JPM
2025-03-26 12:30:00.478722,196.72484621160538,196.88178037023332,196.7054537575396,196.7270554896057,97198,JPM
2025-03-26 12:35:00.478722,196.7270554896057,196.8151341943528,196.66321223354686,196.72914163751105,157963,JPM
2025-03-26 12:40:00.478722,196.72914163751105,196.86645419896576,196.25906892717217,196.73092922153245,205370,JPM
2025-03-26 12:45:00.478722,196.73092922153245,196.9450004035857,196.48564576600793,196.73303856780032,153459,JPM
2025-03-26 12:50:00.478722,196.73303856780032,196.79922151815452,196.32524772492067,196.73554757904014,144670,JPM
2025-03-26 12:55:00.478722,196.73554757904014,197.05742583832307,196.68876070011927,196.7377403458693,54714,JPM
2025-03-26 13:00:00.478722,196.7377403458693,196.80697643433945,196.5334905337669,196.7399200625436,115648,JPM
2025-03-26 13:05:00.478722,196.7399200625436,196.76911675186614,196.55271938603343,196.74172542294625,74608,JPM
2025-03-26 13:10:00.478722,196.74172542294625,196.7927629789324,196.72213046448005,196.74368574099063,233627,JPM
2025-03-26 13:15:00.478722,196.74368574099063,196.8960077615859,196.4851764888423,196.7459685235502,161180,JPM
2025-03-26 13:20:00.478722,196.7459685235502,197.19244193667598,196.6177792659728,196.74855636771463,171973,JPM
2025-03-26 13:25:00.478722,196.74855636771463,196.76509719893255,196.43984558048618,196.75065804846787,95766,JPM
2025-03-26 13:30:00.478722,196.75065804846787,196.83200566345602,196.6271325640123,196.75318673715947,102723,JPM
2025-03-26 13:35:00.478722,196.75318673715947,196.86318644361754,196.54295900098208,196.75542890493844,118593,JPM
2025-03-26 13:40:00.478722,196.75542890493844,196.8833061864378,196.70051751755355,196.75767392649647,129560,JPM
2025-03-26 13:45:00.478722,196.75767392649647,196.80115633959696,196.71016238731957,196.76000061966587,131389,JPM
2025-03-26 13:50:00.478722,196.76000061966587,196.81489447582416,196.39259493151482,196.76203443942302,110953,JPM
2025-03-26 13:55:00.478722,196.76203443942302,197.01251959222876,196.56396226298568,196.76434611455227,84831,JPM
2025-03-26 14:00:00.478722,196.76434611455227,196.85203278636607,196.68757060690515,196.76670594575143,76358,JPM
2025-03-26 14:05:00.478722,196.76670594575143,196.91927947142955,196.66574993856304,196.76891854524519,92367,JPM
2025-03-26 14:10:00.478722,196.76891854524519,196.81647711185914,196.6026497831292,196.77148785291718,153478,JPM
2025-03-26 14:15:00.478722,196.77148785291718,197.05251404329954,196.6363173905208,196.77342340337484,120257,JPM
2025-03-26 14:20:00.478722,196.77342340337484,197.0681505868948,196.75767865481217,196.77583617598742,165751,JPM
2025-03-26 14:25:00.478722,196.77583617598742,196.91042597577484,196.6514397714024,196.77807468212362,149537,JPM
2025-03-26 14:30:00.478722,196.77807468212362,196.79878005408005,196.7585909382657,196.7801214995623,132589,JPM
2025-03-26 14:35:00.478722,196.7801214995623,197.49879203806137,196.60014477852602,196.782491023328,91639,JPM
2025-03-26 14:40:00.478722,196.782491023328,197.05513403905277,196.722399905861,196.7843634548142,136058,JPM
2025-03-26 14:45:00.478722,196.7843634548142,196.95965765972872,196.66437675743947,196.7866519188973,101257,JPM
2025-03-26 14:50:00.478722,196.7866519188973,196.82582838575487,196.5898146099279,196.78858088175977,102757,JPM
2025-03-26 14:55:00.478722,196.78858088175977,197.02215687840354,196.74754208062566,196.79049400043456,243605,JPM
2025-03-26 15:00:00.478722,196.79049400043456,197.00882297756013,196.49200408021514,196.79287029767676,145521,JPM
2025-03-26 15:05:00.478722,196.79287029767676,197.07783902039137,196.7730431836408,196.7955294327833,121322,JPM
2025-03-26 15:10:00.478722,196.7955294327833,196.99120641823555,196.55979842322523,196.797245876784,108942,JPM
2025-03-26 15:15:00.478722,196.797245876784,196.85286134667123,196.6367043884116,196.79938470048342,118222,JPM
2025-03-26 15:20:00.478722,196.79938470048342,197.01258796064386,196.32165847764662,196.80177458606786,96576,JPM
2025-03-26 15:25:00.478722,196.80177458606786,196.85627997573394,196.6231040933432,196.80397520514498,156407,JPM
2025-03-26 15:30:00.478722,196.80397520514498,196.81868785450857,196.6031531209863,196.80647426294405,94524,JPM
2025-03-26 15:35:00.478722,196.80647426294405,196.90341568083284,196.7809390379856,196.80893461609426,175802,JPM
2025-03-26 15:40:00.478722,196.80893461609426,196.90953955849648,196.56124548725882,196.81066516545195,86098,JPM
2025-03-26 15:45:00.478722,196.81066516545195,196.97183037344482,196.6156519252378,196.81272647731413,133768,JPM
2025-03-26 15:50:00.478722,196.81272647731413,197.07994160343725,196.77646175824526,196.81494292468014,118375,JPM
2025-03-26 15:55:00.478722,196.81494292468014,196.87190123702828,196.46030406290436,196.8172485160647,144989,JPM
2025-03-26 16:00:00.478722,196.8172485160647,197.0687241192117,196.6907147291185,196.82,144619,JPM
2025-03-26 09:30:00.479349,609.6083407312607,610.2477858144327,609.3536761019468,609.6080524238059,120160,NFLX
2025-03-26 09:35:00.479349,609.6080524238059,610.2870376568823,609.4899883188187,609.6197158186175,127073,NFLX
2025-03-26 09:40:00.479349,609.6197158186175,610.02365152983,609.4917218734628,609.6289368676025,72161,NFLX
2025-03-26 09:45:00.479349,609.6289368676025,609.8440060920597,608.6514856652644,609.6379258979908,123157,NFLX
2025-03-26 09:50:00.479349,609.6379258979908,609.8267219744434,609.552530132462,609.6464220419516,134061,NFLX
2025-03-26 09:55:00.479349,609.6464220419516,610.9252583834302,608.768200209021,609.6566223278164,41833,NFLX
2025-03-26 10:00:00.479349,609.6566223278164,610.341059705662,609.386983270187,609.6639886758044,84203,NFLX
2025-03-26 10:05:00.479349,609.6639886758044,610.6688544868312,609.5204447730822,609.673902115363,136865,NFLX
2025-03-26 10:10:00.479349,609.673902115363,609.794517671043,608.7639896771399,609.6828686641933,169423,NFLX
2025-03-26 10:15:00.479349,609.6828686641933,610.1593180365579,609.1099448449698,609.6927439748836,140926,NFLX
2025-03-26 10:20:00.479349,609.6927439748836,610.4505588020174,609.5747243818843,609.7000072529713,137943,NFLX
2025-03-26 10:25:00.479349,609.7000072529713,610.1528820827662,609.4447665131433,609.7093854129641,111081,NFLX
2025-03-26 10:30:00.479349,609.7093854129641,609.926025239247,609.348096496472,609.7186553191735,137407,NFLX
2025-03-26 10:35:00.479349,609.7186553191735,610.4247910898166,609.5503702560867,609.7267211634527,145158,NFLX
2025-03-26 10:40:00.479349,609.7267211634527,609.7533965858237,609.6243144529598,609.7376479758179,96324,NFLX
2025-03-26 10:45:00.479349,609.7376479758179,610.366081982815,609.5224640413219,609.746010874124,75718,NFLX
2025-03-26 10:50:00.479349,609.746010874124,610.2284829811563,609.4128143978123,609.7564746872283,121718,NFLX
2025-03-26 10:55:00.479349,609.7564746872283,609.8709265190106,609.7152865871594,609.7662771675205,133097,NFLX
2025-03-26 11:00:00.479349,609.7662771675205,610.221323741539,609.6523105175378,609.7755220572953,133916,NFLX
2025-03-26 11:05:00.479349,609.7755220572953,610.7234433321773,609.0234578349123,609.7857345016881,150648,NFLX
2025-03-26 11:10:00.479349,609.7857345016881,609.9559179026448,609.3155711026828,609.7941955154945,153321,NFLX
2025-03-26 11:15:00.479349,609.7941955154945,610.5940133013958,609.5214018578807,609.8042271825195,154946,NFLX
2025-03-26 11:20:00.479349,609.8042271825195,610.8980521170469,609.6042762191304,609.812734973323,118703,NFLX
2025-03-26 11:25:00.479349,609.812734973323,610.0528554239388,608.6343119788665,609.8231090159733,106577,NFLX
2025-03-26 11:30:00.479349,609.8231090159733,610.1065784025149,608.7635833159186,609.8317177999656,231485,NFLX
2025-03-26 11:35:00.479349,609.8317177999656,609.9115185425176,609.2026265140479,609.8402122058627,122814,NFLX
2025-03-26 11:40:00.479349,609.8402122058627,610.3603177358451,609.5285022941094,609.8490517075614,92588,NFLX
2025-03-26 11:45:00.479349,609.8490517075614,610.5945117683699,609.4927092122259,609.85794014334,81352,NFLX
2025-03-26 11:50:00.479349,609.85794014334,610.8701003151315,609.6730868502833,609.8662275728824,164739,NFLX
2025-03-26 11:55:00.479349,609.8662275728824,610.044670291452,607.5785736983554,609.8766818449809,114432,NFLX
2025-03-26 12:00:00.479349,609.8766818449809,611.3746665859722,608.7017561710254,609.8858093912004,160470,NFLX
2025-03-26 12:05:00.479349,609.8858093912004,610.8245120040531,609.7764375146505,609.8963356271901,109924,NFLX
2025-03-26 12:10:00.479349,609.8963356271901,610.9988057140808,608.5878267197581,609.9044448644207,136127,NFLX
2025-03-26 12:15:00.479349,609.9044448644207,610.832121290604,609.2729454191413,609.9134899185348,151353,NFLX
2025-03-26 12:20:00.479349,609.9134899185348,609.9627054127138,609.8886314947601,609.9225709408196,176284,NFLX
2025-03-26 12:25:00.479349,609.9225709408196,610.9142380673221,609.7077755083268,609.9330133002467,133347,NFLX
2025-03-26 12:30:00.479349,609.9330133002467,610.046406106804,609.5521293957181,609.9427269558392,95042,NFLX
2025-03-26 12:35:00.479349,609.9427269558392,610.1650291883282,609.7271108741982,609.9507214344566,167297,NFLX
2025-03-26 12:40:00.479349,609.9507214344566,610.889446913276,609.5681985279447,609.959334788679,158807,NFLX
2025-03-26 12:45:00.479349,609.959334788679,610.389405218494,609.4934380195134,609.968330385276,128437,NFLX
2025-03-26 12:50:00.479349,609.968330385276,610.4708777492397,609.5488425594772,609.9771571993787,42153,NFLX
2025-03-26 12:55:00.479349,609.9771571993787,610.3687262965635,609.06511399507,609.9857577265235,158216,NFLX
2025-03-26 13:00:00.479349,609.9857577265235,610.0228009027772,609.485701751404,609.9944611122585,146200,NFLX
2025-03-26 13:05:00.479349,609.9944611122585,610.2985994369396,609.5990627674618,610.0030902200978,116575,NFLX
2025-03-26 13:10:00.479349,610.0030902200978,610.5571972196681,609.5013299414676,610.0139133514165,102590,NFLX
2025-03-26 13:15:00.479349,610.0139133514165,610.4236757344624,609.3632766080469,610.0230253344046,145054,NFLX
2025-03-26 13:20:00.479349,610.0230253344046,610.6505863236476,609.3027641713838,610.0318715489899,84901,NFLX
2025-03-26 13:25:00.479349,610.0318715489899,610.3095379272322,609.4670222649015,610.0404410966835,190711,NFLX
2025-03-26 13:30:00.479349,610.0404410966835,610.1910245911179,609.708875595106,610.0491425003607,156313,NFLX
2025-03-26 13:35:00.479349,610.0491425003607,610.4476247581547,609.9008491727203,610.0579488637475,148424,NFLX
2025-03-26 13:40:00.479349,610.0579488637475,610.6432228342655,609.4987907797566,610.0671902849537,109588,NFLX
2025-03-26 13:45:00.479349,610.0671902849537,611.3111390655336,610.036441462448,610.0770021067815,164053,NFLX
2025-03-26 13:50:00.479349,610.0770021067815,611.103821556751,608.9009752484558,610.0855780367916,137473,NFLX
2025-03-26 13:55:00.479349,610.0855780367916,610.9966435302512,609.9525594896124,610.0949494683032,128987,NFLX
2025-03-26 14:00:00.479349,610.0949494683032,610.2925025958133,609.9945092433347,610.1043176942679,122717,NFLX
2025-03-26 14:05:00.479349,610.1043176942679,610.4018626601872,609.3743418280629,610.113768511576,118348,NFLX
2025-03-26 14:10:00.479349,610.113768511576,610.2529830744418,609.7979124541141,610.1224344220142,127004,NFLX
2025-03-26 14:15:00.479349,610.1224344220142,610.6021280991362,610.1096241422108,610.1298017038317,135576,NFLX
2025-03-26 14:20:00.479349,610.1298017038317,610.3624906772228,609.7270384136266,610.1401371064144,119656,NFLX
2025-03-26 14:25:00.479349,610.1401371064144,610.6636657863999,609.4038848541652,610.1468911733817,167881,NFLX
2025-03-26 14:30:00.479349,610.1468911733817,610.4889060523809,609.4319786966972,610.1550307500845,149000,NFLX
2025-03-26 14:35:00.479349,610.1550307500845,610.706797560132,609.8192126698315,610.1657397709458,106077,NFLX
2025-03-26 14:40:00.479349,610.1657397709458,610.8219731701952,609.753801355429,610.1761526591832,130419,NFLX
2025-03-26 14:45:00.479349,610.1761526591832,610.1875469625002,609.8013833510186,610.1860463645654,155434,NFLX
2025-03-26 14:50:00.479349,610.1860463645654,610.4055702022423,610.1669044509117,610.194990321025,97959,NFLX
2025-03-26 14:55:00.479349,610.194990321025,610.284285863328,609.5190007820678,610.2047781814105,136078,NFLX
2025-03-26 15:00:00.479349,610.2047781814105,610.3259188751796,609.9177375355627,610.2154774539666,113906,NFLX
2025-03-26 15:05:00.479349,610.2154774539666,610.6119585526151,610.0218225277464,610.2242692269418,143907,NFLX
2025-03-26 15:10:00.479349,610.2242692269418,611.1803035364512,609.1703804559863,610.2349651053918,139218,NFLX
2025-03-26 15:15:00.479349,610.2349651053918,610.6406023686724,610.1481135390164,610.2444641136518,108126,NFLX
2025-03-26 15:20:00.479349,610.2444641136518,610.3484919529437,609.9943606103076,610.2546638971429,105796,NFLX
2025-03-26 15:25:00.479349,610.2546638971429,610.4129445168561,609.9141469493887,610.2641099764837,177688,NFLX
2025-03-26 15:30:00.479349,610.2641099764837,610.5369947841216,609.7349311847446,610.2722678773667,153039,NFLX
2025-03-26 15:35:00.479349,610.2722678773667,610.3004035342266,609.3890534942983,610.2831202955954,161863,NFLX
2025-03-26 15:40:00.479349,610.2831202955954,610.6121183830988,609.52323580494,610.2902054478523,180652,NFLX
2025-03-26 15:45:00.479349,610.2902054478523,611.5059148599055,610.0924299498512,610.2992491031085,124173,NFLX
2025-03-26 15:50:00.479349,610.2992491031085,611.355511746306,609.5045698223538,610.309675901834,113748,NFLX
2025-03-26 15:55:00.479349,610.309675901834,610.451556853223,610.1847169646695,610.3173110296849,152916,NFLX
2025-03-26 16:00:00.479349,610.3173110296849,610.4449142344489,609.8716827064354,610.34,189948,NFLX
2025-03-26 09:30:00.488262,168.34958833105054,168.5829600085279,168.26002672927712,168.35064449781007,41351,IBM
2025-03-26 09:35:00.488262,168.35064449781007,168.47102634062688,168.24418209024157,168.35566112479538,38787,IBM
2025-03-26 09:40:00.488262,168.35566112479538,168.61863261358798,168.33110798638535,168.36073957400876,31423,IBM
2025-03-26 09:45:00.488262,168.36073957400876,168.46364632613853,168.15887680776854,168.3648981692676,56252,IBM
2025-03-26 09:50:00.488262,168.3648981692676,168.3746266291505,168.1563321188769,168.3707614010888,29072,IBM
2025-03-26 09:55:00.488262,168.3707614010888,168.53112333877687,168.07836002068004,168.37674189130252,36121,IBM
2025-03-26 10:00:00.488262,168.37674189130252,168.4803991350555,168.2469578942873,168.38195315288144,44604,IBM
2025-03-26 10:05:00.488262,168.38195315288144,168.3934367774746,168.16749211953706,168.38702647435505,33345,IBM
2025-03-26 10:10:00.488262,168.38702647435505,168.447561039392,168.04580812807,168.39198511732872,32205,IBM
2025-03-26 10:15:00.488262,168.39198511732872,168.56267838917657,168.2096626618898,168.39865849081772,33325,IBM
2025-03-26 10:20:00.488262,168.39865849081772,168.59121923362187,168.14817777531226,168.4050048370533,46388,IBM
2025-03-26 10:25:00.488262,168.4050048370533,168.4704552763905,168.34379248122193,168.41035125693912,38001,IBM
2025-03-26 10:30:00.488262,168.41035125693912,168.59902419396516,168.31091584922257,168.41511184431567,58699,IBM
2025-03-26 10:35:00.488262,168.41511184431567,168.5080674057078,168.38709292536421,168.41959601881302,43941,IBM
2025-03-26 10:40:00.488262,168.41959601881302,168.49222448589074,168.20127326451768,168.42454800992965,26792,IBM
2025-03-26 10:45:00.488262,168.42454800992965,168.769810316613,168.3557349593063,168.4302187913452,29944,IBM
2025-03-26 10:50:00.488262,168.4302187913452,168.5981337059613,168.30487386513644,168.43477011389447,20485,IBM
2025-03-26 10:55:00.488262,168.43477011389447,168.65894397621207,167.94225316558487,168.4407396076162,34258,IBM
2025-03-26 11:00:00.488262,168.4407396076162,168.4950434234164,168.41488811227913,168.4457008241461,40724,IBM
2025-03-26 11:05:00.488262,168.4457008241461,168.7219449725896,168.25228962766545,168.45069598490593,40687,IBM
2025-03-26 11:10:00.488262,168.45069598490593,168.46295646867563,168.38012803448092,168.4555174638661,44207,IBM
2025-03-26 11:15:00.488262,168.4555174638661,168.6166593588263,168.36641101358123,168.460111875041,50966,IBM
2025-03-26 11:20:00.488262,168.460111875041,168.52281009216978,168.31775902675545,168.46533647221804,26893,IBM
2025-03-26 11:25:00.488262,168.46533647221804,168.55853551416445,168.3144682320636,168.4709178179416,41785,IBM
2025-03-26 11:30:00.488262,168.4709178179416,168.51761481118476,168.386846932273,168.47507913336224,48672,IBM
2025-03-26 11:35:00.488262,168.47507913336224,168.5193865726771,168.37108982525595,168.47943143758687,23368,IBM
2025-03-26 11:40:00.488262,168.47943143758687,168.4923970835513,168.3538893501042,168.4848197599331,38359,IBM
2025-03-26 11:45:00.488262,168.4848197599331,168.68936829348638,168.46879397986254,168.4895164690044,39137,IBM
2025-03-26 11:50:00.488262,168.4895164690044,168.51435581152907,168.3446336554583,168.49512414288805,38947,IBM
2025-03-26 11:55:00.488262,168.49512414288805,168.60433095787147,168.18162232676266,168.49941760288738,43181,IBM
2025-03-26 12:00:00.488262,168.49941760288738,168.632359467221,168.2838627302384,168.5048604039463,46441,IBM
2025-03-26 12:05:00.488262,168.5048604039463,168.7247941025189,168.34983247386603,168.5102110348095,16531,IBM
2025-03-26 12:10:00.488262,168.5102110348095,168.66150516504555,168.18834466210322,168.51483705966416,33682,IBM
2025-03-26 12:15:00.488262,168.51483705966416,168.64601706799223,168.51128807394943,168.52041155893153,41407,IBM
2025-03-26 12:20:00.488262,168.52041155893153,168.75822970501738,168.36011484977726,168.52571982388213,35115,IBM
2025-03-26 12:25:00.488262,168.52571982388213,168.5380437686488,168.25036701218255,168.53177655647673,54263,IBM
2025-03-26 12:30:00.488262,168.53177655647673,168.73294013152173,168.45057501137484,168.5369102715927,14968,IBM
2025-03-26 12:35:00.488262,168.5369102715927,168.93562112771733,168.3191522990726,168.54179487353193,34421,IBM
2025-03-26 12:40:00.488262,168.54179487353193,168.54823783464963,168.444322991009,168.54693717712786,76156,IBM
2025-03-26 12:45:00.488262,168.54693717712786,168.79987430861763,168.46774332904107,168.55156209117865,38867,IBM
2025-03-26 12:50:00.488262,168.55156209117865,168.71406167120278,168.51349686240928,168.55706816834376,24615,IBM
2025-03-26 12:55:00.488262,168.55706816834376,168.74360913703913,168.3941111947971,168.56257705411684,49548,IBM
2025-03-26 13:00:00.488262,168.56257705411684,168.58293465029305,168.4550174317498,168.56943417047066,32342,IBM
2025-03-26 13:05:00.488262,168.56943417047066,168.58815562732659,168.45859978344612,168.57397307121317,33715,IBM
2025-03-26 13:10:00.488262,168.57397307121317,168.94678756132788,168.39824384233768,168.57944907399357,31018,IBM
2025-03-26 13:15:00.488262,168.57944907399357,168.8063039498677,168.5520151068107,168.5843607085806,51978,IBM
2025-03-26 13:20:00.488262,168.5843607085806,168.86201639305554,168.34060970907464,168.589394708345,42529,IBM
2025-03-26 13:25:00.488262,168.589394708345,168.71471885313,168.57810642270144,168.5940042229296,12137,IBM
2025-03-26 13:30:00.488262,168.5940042229296,168.6173366056557,168.53034224492168,168.599314501253,29761,IBM
2025-03-26 13:35:00.488262,168.599314501253,168.67056626829998,168.59862638068643,168.6045449500956,60767,IBM
2025-03-26 13:40:00.488262,168.6045449500956,168.61541082244747,168.45162968930512,168.60868591970143,10705,IBM
2025-03-26 13:45:00.488262,168.60868591970143,168.67679044112876,168.4894804903438,168.6137251095045,43152,IBM
2025-03-26 13:50:00.488262,168.6137251095045,168.66585359047042,168.6118266040922,168.61934686572215,41636,IBM
2025-03-26 13:55:00.488262,168.61934686572215,168.77259507798777,168.2658688768105,168.6255245253271,40621,IBM
2025-03-26 14:00:00.488262,168.6255245253271,168.79959073090953,168.56985541639293,168.63167852485375,43069,IBM
2025-03-26 14:05:00.488262,168.63167852485375,168.81700474503353,168.24734162268834,168.6370965216079,42479,IBM
2025-03-26 14:10:00.488262,168.6370965216079,168.67564942382367,168.44965485113056,168.6418176976892,49897,IBM
2025-03-26 14:15:00.488262,168.6418176976892,169.07315642319827,168.56904272283955,168.64612384804727,36180,IBM
2025-03-26 14:20:00.488262,168.64612384804727,168.69906238561063,168.60589455709606,168.65033188433614,47628,IBM
2025-03-26 14:25:00.488262,168.65033188433614,168.6668222288199,168.5609173185825,168.65456061807518,19336,IBM
2025-03-26 14:30:00.488262,168.65456061807518,168.7516032976003,168.62791224726425,168.66035559791882,43499,IBM
2025-03-26 14:35:00.488262,168.66035559791882,168.72502428034298,168.29650247094207,168.66655573801225,50512,IBM
2025-03-26 14:40:00.488262,168.66655573801225,168.92752777104408,168.5409802777648,168.6711102780988,31331,IBM
2025-03-26 14:45:00.488262,168.6711102780988,168.8318614249919,168.59853743274113,168.67724747687484,32595,IBM
2025-03-26 14:50:00.488262,168.67724747687484,168.84931033880946,168.4924320597959,168.68171650170882,25729,IBM
2025-03-26 14:55:00.488262,168.68171650170882,168.78480028880986,168.44225637926604,168.68681638553406,40271,IBM
2025-03-26 15:00:00.488262,168.68681638553406,168.71288402447294,168.59399313001043,168.6926305203535,54741,IBM
2025-03-26 15:05:00.488262,168.6926305203535,168.96862079764418,168.4581590593967,168.69747324732575,55481,IBM
2025-03-26 15:10:00.488262,168.69747324732575,168.94977500843333,168.51151398525596,168.70269294548962,28839,IBM
2025-03-26 15:15:00.488262,168.70269294548962,168.82042232760708,168.50740158686133,168.70792975334655,24319,IBM
2025-03-26 15:20:00.488262,168.70792975334655,168.73906111281408,168.54801040409933,168.71324878555424,45207,IBM
2025-03-26 15:25:00.488262,168.71324878555424,169.06075951799963,168.33842401948195,168.71897088733272,44179,IBM
2025-03-26 15:30:00.488262,168.71897088733272,168.92330323633936,168.45408263637606,168.72557526816803,12561,IBM
2025-03-26 15:35:00.488262,168.72557526816803,168.83887015407652,168.4210381636705,168.73049342497896,44845,IBM
2025-03-26 15:40:00.488262,168.73049342497896,168.84165507175337,168.61885370788886,168.73521716382234,29930,IBM
2025-03-26 15:45:00.488262,168.73521716382234,169.00528189963794,168.46080401188306,168.73984206704483,48909,IBM
2025-03-26 15:50:00.488262,168.73984206704483,168.77581359567452,168.60339777311373,168.74495315277892,52007,IBM
2025-03-26 15:55:00.488262,168.74495315277892,168.89654967030518,168.64149301520825,168.75031142656033,46833,IBM
2025-03-26 16:00:00.488262,168.75031142656033,168.91495410321485,168.66474380936236,168.76,58965,IBM
